metropolitan_statistical_area_micropolitan_statistical_area,NAME,B23025_005E,B23025_002E,ent_earnings,number_ents,B01003_001E,number_female_ents,unemployment_rate,geoid,ent_ratio,female_ent_ratio,estab_change,job_change,prices
10140,"Aberdeen, WA Micro Area",1783,30345,46489,1283,72697,562,5.875762069533696,10140,0.01764859622817998,0.4380358534684334,NA,NA,NA
10180,"Abilene, TX Metro Area",3047,82693,65274,2906,169747,1141,3.6847133372836876,10180,0.017119595633501624,0.39263592567102545,-0.13658536585365855,0,97.1
10300,"Adrian, MI Micro Area",2133,47990,77009,1379,98623,165,4.444675974161283,10300,0.013982539569877208,0.11965192168237854,NA,NA,NA
10380,"Aguadilla-Isabela, PR Metro Area",16411,98418,18331,3210,306e3,1266,16.674795261029487,10380,0.010490196078431373,0.394392523364486,NA,NA,NA
10420,"Akron, OH Metro Area",19389,372300,60426,11706,703505,3274,5.207896857373086,10420,0.016639540586065486,0.2796856313001879,-0.05043227665706052,-0.04590969204609862,95.9
10460,"Alamogordo, NM Micro Area",2564,30077,120316,719,65817,256,8.524786381620507,10460,0.010924229302459851,0.3560500695410292,NA,NA,NA
10500,"Albany, GA Metro Area",7283,69712,71619,1788,151754,393,10.44726876291026,10500,0.01178222649814832,0.2197986577181208,-0.28,-0.11794871794871795,97
10540,"Albany, OR Metro Area",5187,59546,50945,1604,125047,481,8.710912571793235,10540,0.012827176981454974,0.29987531172069826,NA,NA,99.4
10580,"Albany-Schenectady-Troy, NY Metro Area",24725,474748,75068,13604,886188,3114,5.2080261528221286,10580,0.015351144452418674,0.22890326374595707,0.02073050345508391,-0.08140610545790934,98
10700,"Albertville, AL Micro Area",2017,39984,45718,902,95548,252,5.0445178071228485,10700,0.00944028132456985,0.2793791574279379,NA,NA,NA
10740,"Albuquerque, NM Metro Area",22800,435802,55563,14282,913113,5268,5.231733677220389,10740,0.015640999525798012,0.368855902534659,-0.05482233502538071,0.05053946621237933,95.4
10780,"Alexandria, LA Metro Area",4682,65676,33750,1445,153984,518,7.1289359887934705,10780,0.009384091853699086,0.35847750865051903,-0.28402366863905326,-0.2563559322033898,97.3
10900,"Allentown-Bethlehem-Easton, PA-NJ Metro Area",24525,439346,65828,12255,840550,3315,5.582160757125363,10900,0.014579739456308369,0.27050183598531213,0.02608695652173913,0.0703757525430766,98.6
11020,"Altoona, PA Metro Area",3081,58233,53405,955,123457,430,5.290814486631292,11020,0.007735486849672356,0.450261780104712,0.045454545454545456,0.6698292220113852,98
11100,"Amarillo, TX Metro Area",4719,133085,67332,2947,266575,462,3.5458541533606343,11100,0.011055050173497139,0.15676959619952494,0.0781758957654723,0.04977079240340537,97.6
11180,"Ames, IA Metro Area",1331,51323,64167,697,97502,221,2.5933791867194045,11180,0.007148571311357716,0.3170731707317073,0.011363636363636364,-0.03736920777279522,92.9
11260,"Anchorage, AK Metro Area",13579,214937,65532,5612,400888,1772,6.317665176307476,11260,0.013998922392289118,0.315751960085531,-0.1407766990291262,-0.2508028259473346,102.1
11460,"Ann Arbor, MI Metro Area",7160,199415,61314,6993,367627,2592,3.5905022189905473,11460,0.01902199784020216,0.37065637065637064,-0.05612244897959184,-0.09276520195295163,98.2
11500,"Anniston-Oxford-Jacksonville, AL Metro Area",3399,52485,50855,1925,114728,722,6.476136038868248,11500,0.016778815982149083,0.37506493506493505,-0.11764705882352941,0.0841300191204589,97.9
11540,"Appleton, WI Metro Area",2979,132814,100158,3995,236126,928,2.242986432153237,11540,0.016918933111982587,0.23229036295369213,-0.08527131782945736,0.11862068965517242,97.2
11640,"Arecibo, PR Metro Area",6614,57781,-666666666,465,181643,0,11.446669320364826,11640,0.002559966527749487,0,NA,NA,NA
11700,"Asheville, NC Metro Area",7077,230328,42143,13449,456145,4288,3.072574762946754,11700,0.029484045643380943,0.3188341140605249,0.018691588785046728,-0.23624595469255663,95.9
11780,"Ashtabula, OH Micro Area",3218,42659,53668,1292,97807,452,7.543542980379287,11780,0.013209688468105555,0.3498452012383901,NA,NA,NA
11900,"Athens, OH Micro Area",1776,29537,54531,607,66597,171,6.012797508210042,11900,0.009114524678288811,0.28171334431630973,NA,NA,NA
11980,"Athens, TX Micro Area",2116,34046,41747,1281,81064,501,6.215120719027198,11980,0.015802329023981054,0.3911007025761124,NA,NA,NA
12020,"Athens-Clarke County, GA Metro Area",6162,104346,65955,3511,206937,1060,5.905353343683514,12020,0.016966516379381163,0.3019082882369695,0.07792207792207792,0.2107250755287009,97.6
12060,"Atlanta-Sandy Springs-Roswell, GA Metro Area",158400,3097014,60143,143950,5882450,47052,5.114603937857562,12060,0.024471096226912258,0.32686349426884337,-0.010934871425138187,-0.0060588630045058,98.3
12100,"Atlantic City-Hammonton, NJ Metro Area",11907,140155,91799,3584,269918,566,8.495594163604581,12100,0.013278106684252255,0.15792410714285715,-0.13141025641025642,-0.06503014642549526,101.2
12180,"Auburn, NY Micro Area",1612,38515,115225,1114,77603,197,4.185382318577178,12180,0.014355115137301392,0.17684021543985637,NA,NA,NA
12220,"Auburn-Opelika, AL Metro Area",3525,77563,58503,2926,161604,722,4.5446927014169125,12220,0.018105987475557535,0.24675324675324675,-0.03205128205128205,0.043601895734597156,91.3
12260,"Augusta-Richmond County, GA-SC Metro Area",20526,279741,52147,6960,600600,2048,7.3375014745782705,12260,0.011588411588411588,0.2942528735632184,-0.06938775510204082,-0.6531150423030436,97.4
12300,"Augusta-Waterville, ME Micro Area",3256,62063,33104,2107,121821,860,5.246282003770363,12300,0.01729586852841464,0.40816326530612246,NA,NA,NA
12420,"Austin-Round Rock, TX Metro Area",42702,1176169,62511,43786,2115827,14429,3.6306007044905964,12420,0.02069450857749712,0.32953455442378843,0.25213675213675213,0.49121805846173355,97.9
12540,"Bakersfield, CA Metro Area",35445,378872,61045,9687,893119,2677,9.355402352245614,12540,0.010846259009157795,0.27634974708372045,0.005284015852047556,-0.3373185311699402,95.4
12580,"Baltimore-Columbia-Towson, MD Metro Area",77817,1512801,65659,48919,2808175,14202,5.143901940836898,12580,0.017420210635020965,0.29031664588401235,0.06395348837209303,0.007054191502160004,102.8
12620,"Bangor, ME Metro Area",2955,78024,51136,2354,151957,586,3.7872962165487545,12620,0.01549122449113894,0.24893797790994052,0.13855421686746988,0.7136842105263158,98
12700,"Barnstable Town, MA Metro Area",3749,109278,82152,8006,213444,2483,3.430699683376343,12700,0.037508667378797246,0.3101423932050962,0.01078167115902965,-0.21254946297343133,98
12940,"Baton Rouge, LA Metro Area",27724,417917,62060,14855,834159,5635,6.633853133516943,12940,0.01780835548138904,0.3793335577246718,-0.08436213991769548,0.005238021876444308,96.6
12980,"Battle Creek, MI Metro Area",5157,64445,51579,1351,134128,509,8.00217239506556,12980,0.010072468090182512,0.3767579570688379,-0.03296703296703297,0.5936920222634509,97.2
13020,"Bay City, MI Metro Area",3930,49216,62361,1079,104239,365,7.9852080624187245,13020,0.010351212118305048,0.3382761816496756,-0.075,-0.35470941883767537,97.2
13140,"Beaumont-Port Arthur, TX Metro Area",9765,182193,50216,3459,411339,1429,5.359700976437074,13140,0.008409122402689753,0.41312518068806015,-0.20822622107969152,-0.38636363636363635,97.5
13180,"Beaver Dam, WI Micro Area",2850,47274,48167,862,87786,171,6.0286838431273,13180,0.009819333378898686,0.19837587006960558,NA,NA,NA
13220,"Beckley, WV Metro Area",4377,46839,27311,765,118543,228,9.344776788573625,13220,0.006453354478965439,0.2980392156862745,NA,NA,91.3
13380,"Bellingham, WA Metro Area",5708,117311,48905,6460,221404,2173,4.865698868818781,13380,0.029177431302054163,0.3363777089783282,0.10324483775811209,0.10734072022160665,95.4
13460,"Bend-Redmond, OR Metro Area",4904,96722,96305,7070,186875,2501,5.070201195177932,13460,0.03783277591973244,0.35374823196605376,0.14878048780487804,-0.14118273841236015,99.4
13740,"Billings, MT Metro Area",3241,92731,38338,5381,172081,1855,3.495055590902719,13740,0.03127015765831207,0.34473146255342874,0.01773049645390071,0.05281385281385281,95.6
13780,"Binghamton, NY Metro Area",8180,115926,60707,2074,242217,401,7.056225523178579,13780,0.008562569926966315,0.19334619093539054,-0.03463203463203463,0.03943908851884312,98
13820,"Birmingham-Hoover, AL Metro Area",32789,549603,68205,17165,1149807,4584,5.96594268954136,13820,0.014928592363761919,0.2670550538887271,-0.0473469387755102,0.08194864048338368,97.5
13900,"Bismarck, ND Metro Area",1372,73297,40927,3190,132767,858,1.871836500811766,13900,0.02402705491575467,0.2689655172413793,0.38271604938271603,0.20984455958549222,97
13980,"Blacksburg-Christiansburg-Radford, VA Metro Area",2860,89497,40282,1923,181986,314,3.1956378426092495,13980,0.010566746892618113,0.16328653146125846,-0.1794871794871795,-0.168997668997669,91.2
14010,"Bloomington, IL Metro Area",2914,98123,80292,1784,186356,468,2.96974205843686,14010,0.009573075189422397,0.2623318385650224,NA,NA,96.7
14020,"Bloomington, IN Metro Area",5224,87773,90531,1905,167825,345,5.9517163592448705,14020,0.011351109786980486,0.18110236220472442,-0.10465116279069768,-0.34334763948497854,96.8
14100,"Bloomsburg-Berwick, PA Metro Area",1526,41812,76131,735,84204,155,3.6496699512101793,14100,0.008728801482114863,0.2108843537414966,NA,NA,98
14140,"Bluefield, WV-VA Micro Area",2326,38699,28880,772,100848,418,6.0104912271634925,14140,0.00765508488021577,0.5414507772020726,NA,NA,NA
14260,"Boise City, ID Metro Area",13761,354917,50719,16392,710323,5259,3.8772445388640167,14260,0.023076825613136558,0.3208272327964861,0.11770943796394485,-0.15012106537530268,95.5
14460,"Boston-Cambridge-Newton, MA-NH Metro Area",120829,2752279,77893,79966,4836531,23968,4.39014358646053,14460,0.016533751153461024,0.2997273841382588,0.1295994199746239,0.3584719573936485,101.4
14500,"Boulder, CO Metro Area",7606,184710,70895,11467,322514,4122,4.117806290942559,14500,0.03555504567243593,0.3594662945844598,0.09295774647887324,0.3543171654626763,100.9
14540,"Bowling Green, KY Metro Area",4701,88250,47944,2284,178474,667,5.326912181303116,14540,0.012797382251756558,0.29203152364273205,0.5774647887323944,1.4740368509212731,91.1
14580,"Bozeman, MT Micro Area",1444,64538,80146,6112,107810,2168,2.2374415073290153,14580,0.05669232909748632,0.35471204188481675,NA,NA,NA
14660,"Brainerd, MN Micro Area",1882,44233,50709,2565,93779,688,4.254741934754595,14660,0.027351539257189778,0.2682261208576998,NA,NA,NA
14700,"Branson, MO Micro Area",1602,39056,29070,2348,87054,908,4.101802539942646,14700,0.026971764651825304,0.38671209540034074,NA,NA,NA
14740,"Bremerton-Silverdale, WA Metro Area",4626,134529,56367,4558,266414,1824,3.438663782530161,14740,0.017108710503201785,0.4001755155770075,0.13962264150943396,0.0779816513761468,106.3
14860,"Bridgeport-Stamford-Norwalk, CT Metro Area",33733,513600,80365,23539,949921,5471,6.567951713395638,14860,0.02477995538576366,0.23242278771400654,-0.020816653322658127,-0.08737509139653912,110.5
15180,"Brownsville-Harlingen, TX Metro Area",9333,172514,41842,3922,423725,1271,5.409995710493062,15180,0.009256003304029736,0.3240693523712392,-0.057750759878419454,-0.7097884899163798,97.9
15260,"Brunswick, GA Metro Area",3429,51166,77229,2286,114473,680,6.70171598327014,15260,0.019969774531985708,0.2974628171478565,0.028368794326241134,0.03801478352692714,91.3
15380,"Buffalo-Cheektowaga-Niagara Falls, NY Metro Area",27537,589507,59991,14519,1136856,3937,4.671191351417371,15380,0.012771186500313144,0.2711619257524623,0.0419063270336894,0.30541604452287224,98
15500,"Burlington, NC Metro Area",3948,80630,46195,2204,162391,451,4.8964405308197945,15500,0.013572180724301223,0.2046279491833031,-0.14285714285714285,-0.45924308588064044,97.9
15540,"Burlington-South Burlington, VT Metro Area",4875,125650,50463,5694,218341,1996,3.879824910465579,15540,0.02607847358031703,0.35054443273621355,0.2147887323943662,0.31417624521072796,98
15680,"California-Lexington Park, MD Metro Area",2348,58469,39853,1525,112667,534,4.0158032461646345,15680,0.01353546291283162,0.3501639344262295,NA,NA,91.3
15940,"Canton-Massillon, OH Metro Area",11269,197939,51662,4926,399927,1394,5.693168097242079,15940,0.012317247897741338,0.2829882257409663,0.015197568389057751,0.35915955351280365,97.2
15980,"Cape Coral-Fort Myers, FL Metro Area",17352,334457,60727,16665,739224,6348,5.188110878229488,15980,0.022543910911983378,0.3809180918091809,0.0989399293286219,0.2393026941362916,97.9
16020,"Cape Girardeau, MO-IL Metro Area",2257,47183,31802,1074,98239,188,4.783502532691859,16020,0.010932521707264935,0.1750465549348231,-0.45081967213114754,-0.22237017310252996,92.9
16060,"Carbondale-Marion, IL Metro Area",4286,55648,44188,1272,125612,395,7.70198389879241,16060,0.01012642104257555,0.31053459119496857,NA,NA,92.9
16180,"Carson City, NV Metro Area",1120,27741,125765,824,54745,85,4.037345445369669,16180,0.015051602886108321,0.10315533980582524,-0.104,0.4048865619546248,99.4
16220,"Casper, WY Metro Area",3217,42524,58500,2470,79547,1297,7.565139685824477,16220,0.031050825298251348,0.5251012145748988,-0.039735099337748346,-0.1492063492063492,95.4
16300,"Cedar Rapids, IA Metro Area",5993,150083,65713,5022,270293,1788,3.993123804827995,16300,0.01857983743567166,0.35603345280764637,-0.11191335740072202,-0.42711726384364823,96.7
16500,"Centralia, WA Micro Area",3315,34975,52414,847,78200,482,9.478198713366691,16500,0.010831202046035805,0.5690672963400236,NA,NA,NA
16540,"Chambersburg-Waynesboro, PA Metro Area",3192,76972,60171,1288,154234,326,4.1469625318297565,16540,0.008350947261952617,0.2531055900621118,NA,NA,98
16580,"Champaign-Urbana, IL Metro Area",7251,123615,64479,2263,241e3,739,5.8657929862880716,16580,0.009390041493775933,0.32655766681396375,-0.06880733944954129,0.37335834896810505,96.8
16620,"Charleston, WV Metro Area",6631,93773,100447,1697,215089,487,7.071331833256908,16620,0.007889757263272413,0.2869770182675309,-0.15849056603773584,-0.36469125569830085,97.4
16700,"Charleston-North Charleston, SC Metro Area",15775,409289,62401,14196,775831,4518,3.8542448001290044,16700,0.01829779939187787,0.31825866441251055,0.01903807615230461,0.09418664826634467,97.9
16740,"Charlotte-Concord-Gastonia, NC-SC Metro Area",62719,1324418,61842,45610,2525305,14169,4.735589519320939,16740,0.01806118468858217,0.3106555579916685,0.13761097659402743,0.04883017875920084,97.4
16820,"Charlottesville, VA Metro Area",4078,116246,87143,4770,232182,1214,3.5080776972971113,16820,0.02054422823474688,0.25450733752620547,0.012861736334405145,-0.11966759002770083,96.9
16860,"Chattanooga, TN-GA Metro Area",11441,271227,61950,6176,554876,1885,4.218237859800094,16860,0.011130414723289527,0.30521373056994816,-0.054613935969868174,-0.24314765694076038,97.6
16940,"Cheyenne, WY Metro Area",2860,52641,49380,1720,98327,650,5.433027488079634,16940,0.017492652069116314,0.37790697674418605,0.2346368715083799,0.24277456647398843,95.4
16980,"Chicago-Naperville-Elgin, IL-IN-WI Metro Area",311223,5062374,65631,184475,9533895,55516,6.147767825925149,16980,0.0193493844855644,0.3009405068437458,0.002764394597583129,0.05449884943636946,100.1
17020,"Chico, CA Metro Area",7634,106233,80054,2813,229294,1403,7.186090951022751,17020,0.012268092492607744,0.49875577675079985,-0.18061674008810572,-0.1876267748478702,95.4
17060,"Chillicothe, OH Micro Area",2146,32913,24310,948,77313,427,6.520219973870507,17060,0.01226184470916922,0.45042194092827004,NA,NA,NA
17140,"Cincinnati, OH-KY-IN Metro Area",48093,1139469,60209,30253,2180746,9745,4.220650144935931,17140,0.01387277564649895,0.3221168148613361,-0.009664292980671414,0.15474880821415474,94.6
17200,"Claremont-Lebanon, NH-VT Micro Area",4361,112885,44583,3722,216537,1291,3.8632236346724547,17200,0.01718874834323926,0.34685652874798495,NA,NA,NA
17220,"Clarksburg, WV Micro Area",2416,41165,60519,726,90929,130,5.869063524839063,17220,0.007984251448932684,0.1790633608815427,NA,NA,NA
17300,"Clarksville, TN-KY Metro Area",6890,143759,100848,1718,285602,386,4.79274341084732,17300,0.006015364038066961,0.22467986030267753,-0.06437768240343347,-0.3612392880685564,97.6
17340,"Clearlake, CA Micro Area",1933,27019,100370,1363,64246,959,7.154224804767016,17340,0.021215328580767676,0.7035950110051358,NA,NA,NA
17420,"Cleveland, TN Metro Area",3367,61056,59046,1713,123935,591,5.514609538784067,17420,0.013821761407189253,0.3450087565674256,-0.019417475728155338,-0.27364185110663986,91.3
17460,"Cleveland-Elyria, OH Metro Area",62995,1055640,60714,34092,2058844,10145,5.9674699708233865,17460,0.016558806786721093,0.2975771441980523,-0.046242774566473986,-0.24675609088420478,95.9
17660,"Coeur d'Alene, ID Metro Area",3887,74801,53122,6530,157637,2434,5.196454592853036,17660,0.041424284907731056,0.3727411944869832,0.04059040590405904,-0.20664739884393063,99.4
17780,"College Station-Bryan, TX Metro Area",5536,124127,48352,1700,258860,377,4.459948278778993,17780,0.006567256432048211,0.22176470588235295,0.20161290322580644,0.29010695187165775,97.2
17820,"Colorado Springs, CO Metro Area",20833,382879,67804,16653,723878,6109,5.4411445913722085,17820,0.02300525779205888,0.3668408094637603,0.08695652173913043,0.07498162215143347,95.5
17860,"Columbia, MO Metro Area",4747,98713,51547,3400,178271,689,4.80889041970156,17860,0.01907208687896517,0.2026470588235294,0.0421455938697318,0.0907563025210084,97.2
17900,"Columbia, SC Metro Area",21921,424733,47468,10824,825004,2197,5.161124753668775,17900,0.013119936388187209,0.20297487065779748,-0.053488372093023255,0.05389344262295082,97.3
17980,"Columbus, GA-AL Metro Area",13231,141211,42303,2963,305911,1337,9.3696666690272,17980,0.009685823654592349,0.451231859601755,-0.18309859154929578,0.48044692737430167,97.8
18020,"Columbus, IN Metro Area",1422,41882,71649,1567,82040,441,3.3952533307864954,18020,0.01910043881033642,0.2814294830887045,0.3103448275862069,0.14130434782608695,92.9
18140,"Columbus, OH Metro Area",44409,1103588,72736,27752,2078725,7570,4.02405607889901,18140,0.013350491286726239,0.2727731334678582,0,0.18360433604336043,96.9
18180,"Concord, NH Micro Area",2777,82974,60836,1644,149216,175,3.3468315375900883,18180,0.011017585245550075,0.10644768856447688,NA,NA,NA
18260,"Cookeville, TN Micro Area",2925,49146,40388,507,111571,105,5.9516542546697595,18260,0.004544191591004831,0.20710059171597633,NA,NA,NA
18300,"Coos Bay, OR Micro Area",2220,27897,62358,718,63888,177,7.957844929562318,18300,0.011238417230152767,0.24651810584958217,NA,NA,NA
18500,"Corning, NY Micro Area",2576,45527,45776,1083,96281,198,5.658180859709623,18500,0.011248325214736033,0.18282548476454294,NA,NA,NA
18580,"Corpus Christi, TX Metro Area",14122,216488,92219,4837,449830,1736,6.523225305790621,18580,0.010752951114865615,0.3589001447178003,0.020179372197309416,0.04198740377886634,97.6
18700,"Corvallis, OR Metro Area",1778,48286,66208,2985,90951,1725,3.6822267323861992,18700,0.0328198700399116,0.5778894472361809,0.06,-0.11304347826086956,99.4
18880,"Crestview-Fort Walton Beach-Destin, FL Metro Area",6593,134347,51920,7278,271346,2510,4.907441178440903,18880,0.026821843697714357,0.34487496564990383,-0.03076923076923077,0.14682539682539683,94.9
18980,"Cullman, AL Micro Area",2718,37513,71521,1799,82755,468,7.245488230746674,18980,0.021738867742130383,0.26014452473596444,NA,NA,NA
19060,"Cumberland, MD-WV Metro Area",3015,42396,51541,1102,98837,149,7.111519954712708,19060,0.01114967066989083,0.13520871143375682,-0.3855421686746988,-0.5622119815668203,97.9
19100,"Dallas-Fort Worth-Arlington, TX Metro Area",171760,3890029,75204,112736,7400479,36802,4.415391247725917,19100,0.015233608527231818,0.3264440817485098,0.05861126298523783,0.015615937826238255,99
19140,"Dalton, GA Metro Area",4505,66476,60648,866,144440,62,6.776881882183043,19140,0.0059955690944336745,0.07159353348729793,-0.27049180327868855,-0.5683856502242153,91.3
19180,"Danville, IL Metro Area",2058,33672,32431,458,77909,87,6.111903064861012,19180,0.005878653300645625,0.18995633187772926,-0.17857142857142858,0.3170731707317073,92.9
19260,"Danville, VA Micro Area",3051,47530,56928,1253,102388,490,6.419103723963812,19260,0.012237762237762238,0.39106145251396646,-0.13095238095238096,-0.07142857142857142,NA
19300,"Daphne-Fairhope-Foley, AL Metro Area",5203,99593,60940,4518,212628,1776,5.224262749390017,19300,0.02124837744793724,0.3930942895086321,NA,NA,97.9
19340,"Davenport-Moline-Rock Island, IA-IL Metro Area",9311,192908,71661,4932,382298,613,4.826653119621788,19340,0.0129009306875788,0.12429034874290348,-0.2465753424657534,1.5597345132743363,97.1
19380,"Dayton, OH Metro Area",23659,402086,70466,8393,803416,1801,5.88406460309486,19380,0.010446642835094147,0.2145835815560586,-0.03759398496240601,-0.49468233977050097,97.2
19460,"Decatur, AL Metro Area",3249,65862,42470,1830,151867,805,4.933041814703471,19460,0.01205001744947882,0.43989071038251365,-0.15441176470588236,-0.43176605504587157,97.9
19500,"Decatur, IL Metro Area",5023,51988,91156,953,105801,255,9.661845041163346,19500,0.009007476299845937,0.2675760755508919,-0.18072289156626506,-0.0847457627118644,97.2
19660,"Deltona-Daytona Beach-Ormond Beach, FL Metro Area",12769,280209,51146,13311,649202,3512,4.55695570092324,19660,0.020503633691824733,0.26384193524152955,0.04005340453938585,-0.12887112887112886,97.9
19740,"Denver-Aurora-Lakewood, CO Metro Area",54739,1640301,66617,82912,2888227,27777,3.33713141673388,19740,0.028706884881278375,0.3350178502508684,0.10547045951859957,0.050207742787248086,100.8
19780,"Des Moines-West Des Moines, IA Metro Area",11582,361244,60757,12161,645911,3055,3.2061432162195085,19780,0.018827671304560534,0.25121289367650684,0.0013679890560875513,-0.3389797507788162,97.1
19820,"Detroit-Warren-Dearborn, MI Metro Area",137992,2161264,60600,74554,4313002,21706,6.384782238541891,19820,0.017285871882275965,0.291144673659361,-0.012574850299401197,-0.1831960921144452,98.2
20020,"Dothan, AL Metro Area",3482,65737,61225,2210,147914,596,5.296864779348008,20020,0.014941114431358763,0.269683257918552,-0.1038961038961039,0.6313213703099511,96.5
20100,"Dover, DE Metro Area",3840,86694,43570,3468,176824,222,4.429372274897917,20100,0.019612722254897526,0.06401384083044982,0.057803468208092484,-0.21897163120567376,97.9
20180,"DuBois, PA Micro Area",3620,37059,36086,609,79685,152,9.768207452980382,20180,0.007642592708790864,0.24958949096880131,NA,NA,NA
20220,"Dubuque, IA Metro Area",1816,51060,61977,1510,97041,303,3.556600078339209,20220,0.015560433218948691,0.20066225165562915,-0.23893805309734514,-0.39381153305203936,97.2
20260,"Duluth, MN-WI Metro Area",6880,142111,47841,4272,278782,1262,4.8412860369711,20260,0.01532380139320329,0.2954119850187266,-0.22992700729927007,-0.20656634746922026,96.9
20380,"Dunn, NC Micro Area",4342,62560,65625,1402,132754,433,6.9405370843989775,20380,0.01056088705425072,0.30884450784593437,NA,NA,NA
20500,"Durham-Chapel Hill, NC Metro Area",13537,301236,55459,9750,567428,3819,4.493818799877836,20500,0.017182796760117584,0.3916923076923077,-0.013677811550151976,-0.28149656401119877,97.7
20700,"East Stroudsburg, PA Metro Area",5863,88030,57477,3225,168046,715,6.660229467227081,20700,0.019191173845256655,0.22170542635658916,NA,NA,98
20740,"Eau Claire, WI Metro Area",2711,90997,43179,2466,167484,961,2.9792190951350044,20740,0.014723794511714551,0.3896999188969992,-0.05025125628140704,0.13837837837837838,97.2
20940,"El Centro, CA Metro Area",9377,69555,83674,1458,182830,921,13.481417583207534,20940,0.007974621232839249,0.6316872427983539,-0.25,-0.3380281690140845,99.4
21020,"Elizabeth City, NC Micro Area",1621,28813,36601,508,63998,203,5.625932738694339,21020,0.007937748054626707,0.39960629921259844,NA,NA,NA
21060,"Elizabethtown-Fort Knox, KY Metro Area",3617,73976,52112,1159,149813,395,4.889423596842219,21060,0.007736311268047499,0.34081104400345125,1.1666666666666667,0.9915966386554622,91.3
21140,"Elkhart-Goshen, IN Metro Area",4010,100444,51734,2522,205032,578,3.992274302098682,21140,0.012300518943384447,0.22918318794607453,-0.15384615384615385,0.23610108303249097,97.2
21300,"Elmira, NY Metro Area",2395,39819,80085,473,85557,230,6.014716592581431,21300,0.005528478090629639,0.48625792811839325,-0.07246376811594203,0.1021671826625387,98
21340,"El Paso, TX Metro Area",23653,397273,54390,8430,842677,3301,5.953840306288119,21340,0.010003833022617207,0.3915776986951364,-0.0472636815920398,0.5338361617431385,97.8
21420,"Enid, OK Metro Area",1231,29282,45923,565,61581,147,4.20394781777201,21420,0.009174907844952177,0.26017699115044246,NA,NA,97.9
21500,"Erie, PA Metro Area",8064,131211,76342,2571,274541,775,6.145826188353111,21500,0.009364721480580315,0.3014391287436795,-0.3204633204633205,-0.423697270471464,98
21660,"Eugene, OR Metro Area",12130,187124,60332,7545,374748,2887,6.482332570915543,21660,0.02013352973197989,0.3826375082836315,-0.0021321961620469083,-0.24935826916024936,95.4
21700,"Eureka-Arcata-Fortuna, CA Micro Area",4096,65074,41437,1557,136754,507,6.294372560469618,21700,0.011385407373824532,0.325626204238921,NA,NA,NA
21780,"Evansville, IN-KY Metro Area",5564,156878,70114,3885,315669,733,3.546705082930685,21780,0.01230719519496688,0.18867438867438868,-0.08333333333333333,-0.14409810935104753,97.2
21820,"Fairbanks, AK Metro Area",2901,52586,250001,884,99703,541,5.516677442665348,21820,0.00886633300903684,0.6119909502262444,-0.13821138211382114,-0.3543859649122807,99.4
22020,"Fargo, ND-MN Metro Area",3873,146900,67134,4392,241356,1313,2.6364874063989108,22020,0.018197185899666884,0.29895264116575593,0.17049180327868851,0.20831141504471332,97.2
22060,"Faribault-Northfield, MN Micro Area",1094,35196,63763,1158,65968,245,3.1083077622457096,22060,0.01755396555905894,0.21157167530224524,NA,NA,NA
22100,"Farmington, MO Micro Area",1558,28670,71585,NA,66705,216,5.43425183118242,22100,NA,NA,NA,NA,NA
22140,"Farmington, NM Metro Area",4600,52276,80313,1108,126926,520,8.79944907797077,22140,0.008729495926760474,0.4693140794223827,-0.31875,-0.4811320754716981,99.4
22180,"Fayetteville, NC Metro Area",13318,189493,50245,4206,386662,1973,7.028227955650077,22180,0.010877717489693841,0.4690917736566809,-0.17419354838709677,-0.2554194156456173,97.3
22220,"Fayetteville-Springdale-Rogers, AR-MO Metro Area",12623,270112,50732,7206,535557,2545,4.673246653240137,22220,0.013455150432166885,0.3531779072994727,-0.010169491525423728,0.08970672800460035,97.6
22300,"Findlay, OH Micro Area",1810,40701,76296,937,75754,0,4.4470651826736445,22300,0.012368983816036117,0,NA,NA,NA
22380,"Flagstaff, AZ Metro Area",6706,73169,76532,2370,140776,876,9.165083573644576,22380,0.01683525600954708,0.369620253164557,-0.09782608695652174,0.1890798786653185,99.4
22420,"Flint, MI Metro Area",19828,191692,55691,4832,407385,1789,10.343676314087181,22420,0.01186101599224321,0.3702400662251656,-0.014792899408284023,-0.2889279437609842,98.2
22500,"Florence, SC Metro Area",6299,94470,53194,3260,205831,438,6.667725203768391,22500,0.015838236222920746,0.1343558282208589,-0.11442786069651742,-0.4596375617792422,96.4
22520,"Florence-Muscle Shoals, AL Metro Area",3723,67078,50503,1919,147038,503,5.550254927099794,22520,0.01305104802840082,0.2621156852527358,-0.13291139240506328,0.5045662100456622,97.9
22540,"Fond du Lac, WI Metro Area",2188,56768,42252,1484,102548,331,3.854284103720406,22540,0.014471271989702383,0.22304582210242588,-0.06896551724137931,0.06387225548902195,92.9
22580,"Forest City, NC Micro Area",1912,28982,250001,622,66551,162,6.59719826098958,22580,0.009346215684212109,0.2604501607717042,NA,NA,NA
22660,"Fort Collins, CO Metro Area",9250,187783,61270,8721,343976,2532,4.925898510514797,22660,0.025353513035793196,0.29033367733058135,0.13556338028169015,-0.16655865197666883,95.4
22840,"Fort Payne, AL Micro Area",1238,29993,41079,510,71617,32,4.127629780282066,22840,0.007121214236843207,0.06274509803921569,NA,NA,NA
22900,"Fort Smith, AR-OK Metro Area",7004,124701,71059,4082,282086,1124,5.616634990898229,22900,0.014470764235020526,0.27535521803037727,-0.22388059701492538,-0.51053236307928,97.1
23060,"Fort Wayne, IN Metro Area",10528,221376,47218,4785,434617,1316,4.755709742700202,23060,0.011009693592289304,0.2750261233019854,0.05034324942791762,0.2349290780141844,97.2
23180,"Frankfort, KY Micro Area",1296,36013,85530,415,73029,0,3.5987004692749838,23180,0.005682674006216708,0,NA,NA,NA
23420,"Fresno, CA Metro Area",36749,449054,80109,9922,989255,3244,8.183648291742196,23420,0.010029769877331932,0.32695021165087684,-0.03476245654692932,-0.05796488258938016,95.4
23460,"Gadsden, AL Metro Area",2482,41354,80376,1283,102755,329,6.001837790782028,23460,0.012486010413118583,0.2564302416212003,0.012987012987012988,0.6165919282511211,97.9
23540,"Gainesville, FL Metro Area",7383,142010,70014,4892,285374,1247,5.198929652841349,23540,0.017142416618192265,0.25490596892886347,0.13479623824451412,0.06670467502850627,97.6
23580,"Gainesville, GA Metro Area",2916,100492,81107,3172,199335,1185,2.901723520280221,23580,0.015912910427170343,0.3735813366960908,0.008620689655172414,-0.2576769025367156,91.3
23700,"Gallup, NM Micro Area",4146,28447,-666666666,424,72564,183,14.574471824796992,23700,0.0058431177994597875,0.43160377358490565,NA,NA,NA
23900,"Gettysburg, PA Metro Area",2085,53264,31906,1344,102336,266,3.9144638029438266,23900,0.013133208255159476,0.19791666666666666,NA,NA,98
24020,"Glens Falls, NY Metro Area",3413,64341,34385,1634,126152,803,5.304549198800143,24020,0.012952628575052317,0.49143206854345167,-0.10884353741496598,0.03467406380027739,98
24060,"Glenwood Springs, CO Micro Area",2742,45841,61409,3852,76769,1560,5.981544905215855,24060,0.050176503536583775,0.40498442367601245,NA,NA,NA
24140,"Goldsboro, NC Metro Area",3501,60143,39528,1595,124172,427,5.821126315614452,24140,0.012845085848661534,0.2677115987460815,-0.23148148148148148,-0.13095238095238096,97.9
24220,"Grand Forks, ND-MN Metro Area",2448,57462,49420,1939,102414,536,4.260206745327347,24220,0.018932958384595855,0.27643115007735947,-0.02564102564102564,0.11424903722721438,97.2
24260,"Grand Island, NE Metro Area",1854,46566,55973,1988,85936,487,3.981445689988403,24260,0.023133494693725564,0.24496981891348088,NA,NA,93
24300,"Grand Junction, CO Metro Area",4813,75067,51288,4788,151616,1457,6.411605632301811,24300,0.031579780498100465,0.30430242272347535,-0.34705882352941175,-0.2861427714457109,99.4
24340,"Grand Rapids-Wyoming, MI Metro Area",22121,566637,69453,17546,1059113,5072,3.903910263537327,24340,0.016566693072410592,0.28906873361449903,-0.0861244019138756,-0.40034138655462187,96.7
24420,"Grants Pass, OR Metro Area",2243,32965,91476,1261,86352,449,6.804186258152586,24420,0.01460302019640541,0.3560666137985726,NA,NA,99.4
24500,"Great Falls, MT Metro Area",1570,40686,46861,1551,81654,410,3.858821216143145,24500,0.018994782864280992,0.26434558349451964,-0.11009174311926606,0.060790273556231005,95.4
24540,"Greeley, CO Metro Area",6630,160300,70105,6265,304633,1364,4.135995009357455,24540,0.020565729911073326,0.21771747805267358,0.23743016759776536,0.6263425664217072,100.9
24580,"Green Bay, WI Metro Area",4918,173476,77079,5891,320050,1696,2.8349742903917545,24580,0.018406498984533667,0.2878967917161772,-0.1921921921921922,-0.07221350078492936,96.7
24620,"Greeneville, TN Micro Area",1667,28375,66332,622,68808,267,5.87488986784141,24620,0.009039646552726427,0.4292604501607717,NA,NA,NA
24640,"Greenfield Town, MA Micro Area",1819,37450,41172,566,70702,224,4.857142857142857,24640,0.008005431246640831,0.3957597173144876,NA,NA,NA
24660,"Greensboro-High Point, NC Metro Area",22450,385229,60620,11007,761184,3357,5.827702483457891,24660,0.0144603670071888,0.30498773507767785,-0.0647921760391198,-0.2204492966617678,97.4
24780,"Greenville, NC Metro Area",6920,92149,51253,3817,179042,690,7.5095768809211165,24780,0.02131902011818456,0.18077023840712603,-0.2764976958525346,0.32770605759682225,97.9
24860,"Greenville-Anderson-Mauldin, SC Metro Area",19335,443259,54155,16418,895923,5558,4.362009570025651,24860,0.018325235539214866,0.3385308807406505,-0.02918781725888325,0.029162132752992384,97.6
24940,"Greenwood, SC Micro Area",3200,44339,81250,474,96293,203,7.217122623424074,24940,0.00492247619245428,0.4282700421940928,NA,NA,NA
25020,"Guayama, PR Metro Area",1463,17062,17703,NA,75019,NA,8.574610244988865,25020,NA,NA,NA,NA,NA
25060,"Gulfport-Biloxi-Pascagoula, MS Metro Area",18229,191044,52185,4340,394232,1679,9.541780950985114,25060,0.011008746119036506,0.3868663594470046,-0.1660377358490566,-0.27238605898123325,97.9
25180,"Hagerstown-Martinsburg, MD-WV Metro Area",7778,131871,50046,2238,265498,771,5.898188381069378,25180,0.00842944202969514,0.3445040214477212,-0.06493506493506493,-0.11601307189542484,105.4
25220,"Hammond, LA Metro Area",4663,63759,41687,1791,132497,862,7.313477313006792,25220,0.013517287183860766,0.4812953657174763,NA,NA,91.3
25260,"Hanford-Corcoran, CA Metro Area",4082,64156,75119,889,150101,281,6.3626161231997,25260,0.0059226787296553654,0.3160854893138358,-0.27,-0.5932415519399249,99.4
25420,"Harrisburg-Carlisle, PA Metro Area",10892,299780,51923,8339,571903,2130,3.6333311094802854,25420,0.014581144005189691,0.2554263101091258,-0.059245960502693,-0.014229488343929762,98
25500,"Harrisonburg, VA Metro Area",2060,68076,50024,2488,134442,828,3.026029731476585,25500,0.018506121598905103,0.3327974276527331,-0.007936507936507936,0.4157509157509158,91.3
25540,"Hartford-West Hartford-East Hartford, CT Metro Area",36204,648751,70415,18304,1210259,5680,5.580569432648273,25540,0.015124035433737738,0.3103146853146853,-0.11163522012578617,-0.1337318330989217,98.2
25620,"Hattiesburg, MS Metro Area",6461,70504,67225,2595,146530,417,9.164019062748213,25620,0.0177096840237494,0.1606936416184971,-0.2033898305084746,0.1560364464692483,91.3
25740,"Helena, MT Micro Area",810,42110,61037,2363,79854,969,1.9235336024697223,25740,0.029591504495704662,0.41007194244604317,NA,NA,NA
25840,"Hermiston-Pendleton, OR Micro Area",1828,39424,48750,1070,87739,438,4.63676948051948,25840,0.012195260944391889,0.4093457943925234,NA,NA,NA
25860,"Hickory-Lenoir-Morganton, NC Metro Area",9559,177443,53592,4287,366534,1191,5.387082048883304,25860,0.011696050025372816,0.27781665500349895,-0.05787781350482315,0.30304772857964346,97.9
25900,"Hilo, HI Micro Area",5247,95167,47793,4015,200381,1299,5.513465802221358,25900,0.020036829839156407,0.32353673723536736,NA,NA,NA
25940,"Hilton Head Island-Bluffton-Beaufort, SC Metro Area",6573,99151,45371,5047,215302,1630,6.629282609353411,25940,0.023441491486377274,0.3229641371111551,NA,NA,91.3
25980,"Hinesville, GA Metro Area",3846,39490,52341,752,81044,167,9.739174474550518,25980,0.009278910221608016,0.2220744680851064,-0.47692307692307695,-0.7120622568093385,91.3
26020,"Hobbs, NM Micro Area",1990,29461,61939,465,68759,123,6.754692644513086,26020,0.006762751058043311,0.2645161290322581,NA,NA,NA
26090,"Holland, MI Micro Area",1682,57180,55795,2224,116447,467,2.9415879678209165,26090,0.019098817487784144,0.2099820143884892,NA,NA,NA
26140,"Homosassa Springs, FL Metro Area",2755,52684,40526,3236,145647,711,5.229291625540961,26140,0.02221810267290092,0.21971569839307786,NA,NA,91.3
26300,"Hot Springs, AR Metro Area",2834,41213,52438,1522,98658,515,6.876471016426855,26300,0.015427030752701252,0.3383705650459921,-0.09868421052631579,-0.16245136186770429,91.3
26380,"Houma-Thibodaux, LA Metro Area",6013,91057,46646,2636,210512,886,6.603556014364628,26380,0.012521851485901042,0.33611532625189683,-0.24150943396226415,-0.35903698534542916,97.9
26420,"Houston-The Woodlands-Sugar Land, TX Metro Area",205285,3466067,65203,98043,6892427,31819,5.922707206756246,26420,0.01422474260518102,0.3245412727068735,0.12602249488752557,0.09957089552238806,96.2
26580,"Huntington-Ashland, WV-KY-OH Metro Area",8138,144345,78220,2846,356474,790,5.637881464546746,26580,0.007983751970690709,0.27758257203092057,-0.009216589861751152,1.082753286929621,97.7
26620,"Huntsville, AL Metro Area",10853,229707,65973,6810,455448,2506,4.724714527637381,26620,0.014952310691890182,0.3679882525697504,-0.24914089347079038,0.13172205438066464,97.9
26660,"Huntsville, TX Micro Area",1367,31520,32457,1360,86215,296,4.336928934010152,26660,0.015774517195383635,0.21764705882352942,NA,NA,NA
26740,"Hutchinson, KS Micro Area",1646,31467,100494,533,62510,128,5.230876791559411,26740,0.008526635738281874,0.2401500938086304,NA,NA,NA
26820,"Idaho Falls, ID Metro Area",2801,68727,49388,2619,145349,616,4.075545273327804,26820,0.018018699819056204,0.23520427644138983,0.0379746835443038,0.32254697286012524,99.4
26860,"Indiana, PA Micro Area",3682,42415,78984,1070,84953,260,8.680891194153013,26860,0.012595199698656905,0.24299065420560748,NA,NA,NA
26900,"Indianapolis-Carmel-Anderson, IN Metro Area",49045,1057472,61843,29425,2027059,9936,4.63794786055801,26900,0.014516104365980467,0.33767204757858965,-0.006054960409874243,0.03392496068299258,97.2
26980,"Iowa City, IA Metro Area",2870,98552,64861,2786,171491,970,2.9121681954704113,26980,0.01624575050585745,0.34816941852117733,-0.09644670050761421,0.008884501480750246,96.8
27060,"Ithaca, NY Metro Area",1750,52812,51773,1682,104802,648,3.3136408392032113,27060,0.016049312036029845,0.38525564803804996,0.102803738317757,-0.4846335697399527,98
27100,"Jackson, MI Metro Area",3403,74907,61700,1491,158640,349,4.542966611932129,27100,0.009398638426626324,0.2340710932260228,-0.007874015748031496,-0.33097595473833097,97.2
27140,"Jackson, MS Metro Area",18835,281894,62396,9317,578794,2868,6.681589533654495,27140,0.016097264311654924,0.3078244069979607,-0.07355242566510173,0.1536276788019623,97.4
27180,"Jackson, TN Metro Area",2849,58477,70784,1063,129235,287,4.8720009576414665,27180,0.008225325956590706,0.2699905926622766,-0.13533834586466165,-0.04875,91.2
27260,"Jacksonville, FL Metro Area",43681,765277,49494,32898,1504980,10329,5.707867870065349,27260,0.021859426703344894,0.3139704541309502,-0.002256317689530686,-0.4691245499703778,97.8
27340,"Jacksonville, NC Metro Area",5416,103941,67038,1282,193893,345,5.210648348582369,27340,0.00661189418906304,0.26911076443057724,-0.032,0.007751937984496124,97.9
27460,"Jamestown-Dunkirk-Fredonia, NY Micro Area",3585,60470,41788,1623,129046,225,5.92855961633868,27460,0.012576910559025463,0.13863216266173753,NA,NA,NA
27500,"Janesville-Beloit, WI Metro Area",4476,81915,75821,1744,162309,380,5.464200695843252,27500,0.010744937126098983,0.21788990825688073,0.046875,-0.018211920529801324,97.2
27600,"Jefferson, GA Micro Area",1367,33234,26449,864,67519,366,4.113257507371968,27600,0.012796398050919,0.4236111111111111,NA,NA,NA
27620,"Jefferson City, MO Metro Area",2546,73029,74054,1771,147584,649,3.48628626983801,27620,0.01199994579358196,0.36645962732919257,-0.041916167664670656,-0.3937449879711307,92.9
27740,"Johnson City, TN Metro Area",4069,95738,98668,1186,203462,204,4.2501410098393535,27740,0.005829098308283611,0.17200674536256325,-0.03508771929824561,0.09578544061302682,97.9
27780,"Johnstown, PA Metro Area",3481,60049,31769,1370,133054,387,5.796932505120818,27780,0.010296571316908924,0.2824817518248175,-0.0297029702970297,0.3387387387387387,98
27860,"Jonesboro, AR Metro Area",2809,66046,62052,2853,131269,314,4.253096326802532,27860,0.021733996602396607,0.11005958640028041,-0.13690476190476192,-0.028130671506352088,91.3
27900,"Joplin, MO Metro Area",4716,89968,36579,2286,178507,722,5.2418637737862355,27900,0.012806220484350754,0.31583552055993,-0.1834862385321101,-0.15934065934065933,97.2
27980,"Kahului-Wailuku-Lahaina, HI Metro Area",3877,88876,60371,5086,166348,2133,4.362257527341464,27980,0.03057445836439272,0.4193865513173417,NA,NA,99.4
28020,"Kalamazoo-Portage, MI Metro Area",8499,176966,67100,4139,338338,812,4.802617451939921,28020,0.012233328801376139,0.19618265281468955,-0.17985611510791366,0.05922165820642978,97.2
28060,"Kalispell, MT Micro Area",1283,51203,48865,3574,1e5,1167,2.5057125559049274,28060,0.03574,0.3265249020705092,NA,NA,NA
28100,"Kankakee, IL Metro Area",3330,52930,71311,1352,109605,328,6.291328169280182,28100,0.012335203685963232,0.24260355029585798,-0.14414414414414414,0.0736196319018405,100.1
28140,"Kansas City, MO-KS Metro Area",45115,1134870,61008,35845,2126945,11817,3.975345193722629,28140,0.016852810016243957,0.3296694099595481,0.19764243614931237,-0.16951796858188078,96.5
28180,"Kapaa, HI Micro Area",1424,38290,73227,1104,72159,482,3.7189866805954557,28180,0.015299546834074751,0.4365942028985507,NA,NA,NA
28300,"Keene, NH Micro Area",1297,41515,61754,1070,75960,408,3.124171986029146,28300,0.014086361242759348,0.3813084112149533,NA,NA,NA
28420,"Kennewick-Richland, WA Metro Area",5965,138441,105890,4801,290296,1744,4.308694678599548,28420,0.016538291950285226,0.36325765465528015,-0.0030120481927710845,-0.24026696329254726,95.4
28580,"Key West, FL Micro Area",1545,44232,54413,3794,77013,1217,3.492946283233858,28580,0.04926440990482126,0.32076963626779126,NA,NA,NA
28660,"Killeen-Temple, TX Metro Area",13638,212812,54459,2438,442693,630,6.408473206398135,28660,0.005507202508284522,0.258408531583265,-0.027439024390243903,-0.05733277939343581,97.6
28700,"Kingsport-Bristol-Bristol, TN-VA Metro Area",7897,137103,60059,3556,305914,1436,5.759903138516298,28700,0.011624181959635715,0.40382452193475815,-0.14566929133858267,-0.44703497212366955,97.9
28740,"Kingston, NY Metro Area",4892,91712,50728,3627,179417,1124,5.334089323098395,28740,0.020215475679562136,0.30989798731734214,0.12556053811659193,0.6640851887705711,98
28900,"Klamath Falls, OR Micro Area",1525,28315,30795,391,66935,76,5.3858378951086,28900,0.005841488010756704,0.19437340153452684,NA,NA,NA
28940,"Knoxville, TN Metro Area",19206,433934,71400,10379,877874,3733,4.426018703305111,28940,0.011822881187960915,0.3596685615184507,-0.06397774687065369,-0.10407556410704916,97.1
29020,"Kokomo, IN Metro Area",1464,39595,30250,397,82363,105,3.69743654501831,29020,0.0048201255418088215,0.26448362720403024,-0.11842105263157894,0.02694610778443114,97.2
29100,"La Crosse-Onalaska, WI-MN Metro Area",1546,75057,61345,2042,136934,636,2.0597679097219443,29100,0.014912293513663516,0.31145935357492655,0.1504424778761062,0.6245283018867924,97.2
29180,"Lafayette, LA Metro Area",16457,232336,55326,9437,491558,2713,7.083275945182839,29180,0.019198141419730735,0.2874854296916393,0.008247422680412371,0.1589727911953531,96.7
29200,"Lafayette-West Lafayette, IN Metro Area",4207,116254,57251,2448,218769,840,3.6188002133259927,29200,0.011189885221397912,0.3431372549019608,NA,NA,96.8
29300,"LaGrange, GA Micro Area",1627,29630,36500,1106,69786,375,5.4910563617954775,29300,0.01584845097870633,0.33905967450271246,NA,NA,NA
29340,"Lake Charles, LA Metro Area",5723,107050,60812,4047,210962,1583,5.346099953292853,29340,0.019183549644011717,0.39115394119100566,-0.09,-0.14614121510673234,97.7
29380,"Lake City, FL Micro Area",2455,27149,41239,1258,69612,403,9.04269033850234,29380,0.018071596851117623,0.3203497615262321,NA,NA,NA
29420,"Lake Havasu City-Kingman, AZ Metro Area",6073,80051,79780,2346,207200,486,7.586413661290926,29420,0.011322393822393823,0.2071611253196931,-0.12037037037037036,-0.2673931265716681,95.4
29460,"Lakeland-Winter Haven, FL Metro Area",15704,297698,47101,13244,686483,4223,5.275144609637955,29460,0.019292538926674076,0.31886137118695257,0.05105105105105105,0.05089647194910353,97.9
29540,"Lancaster, PA Metro Area",9795,284943,60949,8574,542903,1903,3.437529611185395,29540,0.015792876443858295,0.221950081642174,0.14398422090729784,0.932902762827413,98
29620,"Lansing-East Lansing, MI Metro Area",14129,247014,49068,5562,477656,1918,5.719918709061025,29620,0.011644363307484884,0.34483998561668466,-0.109375,-0.031079234972677595,97.2
29700,"Laredo, TX Metro Area",4190,114088,71098,3205,274794,930,3.672603604235327,29700,0.011663282313296506,0.29017160686427457,0.18461538461538463,0.3726027397260274,97.9
29740,"Las Cruces, NM Metro Area",7517,92314,37247,1898,215579,494,8.142860237883745,29740,0.008804197069287825,0.2602739726027397,-0.25961538461538464,-0.23967501692620177,95.4
29820,"Las Vegas-Henderson-Paradise, NV Metro Area",68161,1119411,66054,27970,2204079,9715,6.089005736052263,29820,0.012690107750221294,0.34733643189131214,0.10134501094776353,-0.001639209900827801,95.4
29860,"Laurel, MS Micro Area",1499,36280,36577,2166,86676,395,4.131753031973539,29860,0.024989616502838156,0.18236380424746076,NA,NA,NA
29940,"Lawrence, KS Metro Area",2748,70827,73590,1960,120793,534,3.8798763183531704,29940,0.01622610581739008,0.2724489795918367,-0.014925373134328358,0.38461538461538464,97.2
30020,"Lawton, OK Metro Area",5352,65120,67909,1732,127735,323,8.218673218673219,30020,0.013559322033898305,0.18648960739030024,-0.08411214953271028,0.14478764478764478,97.1
30140,"Lebanon, PA Metro Area",2763,69782,56329,1983,139754,451,3.959473789802528,30140,0.014189218197690227,0.22743318204740293,-0.3018867924528302,0.061386138613861385,98
30300,"Lewiston, ID-WA Metro Area",655,30738,50049,782,62921,265,2.1309128765697185,30300,0.012428283085138507,0.3388746803069054,-0.06756756756756757,0.14536340852130325,99.4
30340,"Lewiston-Auburn, ME Metro Area",2857,55429,38059,1438,107651,446,5.154341590142344,30340,0.013357980882667137,0.3101529902642559,-0.06557377049180328,0.5020576131687243,98
30460,"Lexington-Fayette, KY Metro Area",12914,275759,76113,10145,512650,3768,4.68307471378994,30460,0.019789329952209108,0.3714144898965007,0.23623445825932504,0.685051235684147,97.9
30620,"Lima, OH Metro Area",2814,50937,60968,1503,103198,129,5.524471405854291,30620,0.014564235741002733,0.08582834331337326,-0.1875,-0.3081761006289308,97.2
30700,"Lincoln, NE Metro Area",6876,188112,64629,5961,331592,2123,3.655269201326869,30700,0.017976911385075636,0.35614829726555947,0.0979381443298969,0.22101628021706957,97.1
30780,"Little Rock-North Little Rock-Conway, AR Metro Area",16975,367739,56257,11701,738082,3488,4.616045619311523,30780,0.015853252077682425,0.2980941799846167,-0.11884368308351177,0.15424410806667943,97.7
30860,"Logan, UT-ID Metro Area",1304,68221,52230,3945,138219,1029,1.9114348954134357,30860,0.028541662144857073,0.26083650190114066,-0.05392156862745098,-0.19549763033175355,99.4
30940,"London, KY Micro Area",4749,48391,46432,529,127615,99,9.813808352792874,30940,0.004145280727187243,0.18714555765595464,NA,NA,NA
30980,"Longview, TX Metro Area",5008,98993,34257,1565,217481,104,5.058943561665977,30980,0.0071960309176433805,0.06645367412140575,0.09765625,0.3258221680876979,96.8
31020,"Longview, WA Metro Area",4233,48245,80739,1173,106910,424,8.773966214115452,31020,0.010971845477504443,0.3614663256606991,-0.168141592920354,-0.029850746268656716,99.4
31080,"Los Angeles-Long Beach-Anaheim, CA Metro Area",385942,6974349,71700,285260,13353907,91277,5.533735119937359,31080,0.021361538611883397,0.3199782654420529,NA,NA,104.8
31140,"Louisville/Jefferson County, KY-IN Metro Area",33757,673198,59526,20807,1293722,7914,5.01442369109831,31140,0.016083053391686933,0.3803527658960927,0.045018450184501846,0.4002827036751478,97.5
31180,"Lubbock, TX Metro Area",8101,164075,100300,5415,318011,1781,4.937376199908578,31180,0.017027712877856427,0.3289012003693444,0.10324483775811209,0.004364694471387003,97.5
31260,"Lufkin, TX Micro Area",2982,39152,-666666666,334,87805,128,7.61646914589293,31260,0.0038038836057172143,0.38323353293413176,NA,NA,NA
31300,"Lumberton, NC Micro Area",3477,52499,100101,399,132606,0,6.622983294919902,31300,0.0030089136238179268,0,NA,NA,NA
31340,"Lynchburg, VA Metro Area",5950,127805,50108,5074,260116,1777,4.655529908845507,31340,0.019506681634347753,0.3502167914860071,-0.08070175438596491,-0.14014895057549087,97.6
31420,"Macon-Bibb County, GA Metro Area",7835,102186,53202,3768,229258,1371,7.667390836318086,31420,0.016435631471966083,0.3638535031847134,-0.12156862745098039,-0.1221572449642625,97
31460,"Madera, CA Metro Area",5585,64638,41657,1645,156890,613,8.640428231071507,31460,0.010485053222002678,0.37264437689969604,0.008771929824561403,1.3488843813387423,95.4
31540,"Madison, WI Metro Area",9434,378372,62307,10903,654230,3164,2.4933134587125894,31540,0.016665392904635985,0.2901953590754838,0.04055944055944056,-0.07762026493144318,96.7
31700,"Manchester-Nashua, NH Metro Area",9410,235865,80619,5919,409697,2284,3.989570305047379,31700,0.014447262245024982,0.3858759925663119,-0.02208835341365462,0.3968386023294509,101.2
31740,"Manhattan, KS Metro Area",1307,56025,71728,842,98080,101,2.332887103971441,31740,0.008584828711256117,0.11995249406175772,0.2815533980582524,0.6365079365079365,92.9
31820,"Manitowoc, WI Micro Area",1023,42184,37200,1458,79175,373,2.425090081547506,31820,0.018414903694347964,0.2558299039780521,NA,NA,NA
31860,"Mankato-North Mankato, MN Metro Area",2215,60039,64064,1702,100939,494,3.689268642049335,31860,0.016861668928758955,0.2902467685076381,-0.2818181818181818,0.11771844660194175,92.9
31900,"Mansfield, OH Metro Area",2817,55474,52207,1381,120589,391,5.078054584129502,31900,0.011452122498735375,0.2831281679942071,-0.033707865168539325,0.5389755011135857,97.2
31940,"Marinette, WI-MI Micro Area",1456,31111,40667,876,63356,197,4.680016714345409,31940,0.01382663046909527,0.22488584474885845,NA,NA,NA
31980,"Marion, IN Micro Area",1889,31109,39794,927,66491,283,6.072197756276319,31980,0.013941736475613241,0.30528586839266453,NA,NA,NA
32020,"Marion, OH Micro Area",1623,26562,96818,376,64967,126,6.110232663203072,32020,0.005787553681099635,0.3351063829787234,NA,NA,NA
32100,"Marquette, MI Micro Area",1489,32377,62500,830,66502,236,4.598943694598017,32100,0.012480827644281375,0.28433734939759037,NA,NA,NA
32220,"Marshall, TX Micro Area",1564,27202,76370,NA,66661,281,5.74957723696787,32220,NA,NA,NA,NA,NA
32300,"Martinsville, VA Micro Area",1818,29143,32163,709,64435,206,6.238204714682771,32300,0.011003336695895089,0.29055007052186177,NA,NA,NA
32420,"Mayag?ez, PR Metro Area",8663,32911,250001,437,94618,121,26.322506152957974,32420,0.004618571519161259,0.2768878718535469,NA,NA,NA
32580,"McAllen-Edinburg-Mission, TX Metro Area",23533,358011,32017,10860,860661,2764,6.573261715422152,32580,0.012618208562953358,0.25451197053407,0.018543046357615896,0.5505099562894609,97.9
32740,"Meadville, PA Micro Area",2614,42544,56793,1527,86159,566,6.144227153065062,32740,0.01772304692487146,0.3706614276358874,NA,NA,NA
32780,"Medford, OR Metro Area",5891,102595,60963,4005,217479,1415,5.741995223938789,32780,0.018415571158594622,0.3533083645443196,0.1111111111111111,1.1751269035532994,95.4
32820,"Memphis, TN-MS-AR Metro Area",41597,666431,61744,14978,1346626,5015,6.241756460908931,32820,0.011122613108613675,0.3348244091333957,-0.10416666666666667,0.012741264034313107,97.6
32900,"Merced, CA Metro Area",14342,118022,51368,2267,272673,957,12.151971666299504,32900,0.008313987816908898,0.42214380238200266,-0.08888888888888889,-0.3806818181818182,95.4
32940,"Meridian, MS Micro Area",1336,40045,70763,1322,98393,368,3.3362467224372585,32940,0.013435915156566015,0.2783661119515885,NA,NA,NA
33100,"Miami-Fort Lauderdale-West Palm Beach, FL Metro Area",186344,3154910,50712,211503,6158824,63032,5.906475937506934,33100,0.034341458694062375,0.298019413436216,0.12433606953162724,0.1178136176977083,100.6
33140,"Michigan City-La Porte, IN Metro Area",3035,48638,52167,1780,110029,757,6.239976972737366,33140,0.016177553190522498,0.42528089887640447,-0.11702127659574468,-0.027586206896551724,92.9
33220,"Midland, MI Metro Area",2242,39906,56944,1179,83411,530,5.618202776524833,33220,0.014134826341849396,0.4495335029686175,NA,NA,97.2
33260,"Midland, TX Metro Area",2322,84860,79705,2645,169643,1155,2.7362715060098988,33260,0.015591565817628786,0.43667296786389415,0.2147887323943662,1.1579822616407982,97.5
33340,"Milwaukee-Waukesha-West Allis, WI Metro Area",33478,824659,65686,21484,1576236,5969,4.059617369118629,33340,0.013629938664007166,0.2778346676596537,0.00661455201443175,0.011717709720372836,95.6
33460,"Minneapolis-St. Paul-Bloomington, MN-WI Metro Area",72721,2045758,70139,77886,3600618,22460,3.554721526202024,33460,0.021631286629128665,0.2883701820609609,0.00589906051999126,1.1011442141623489,103.9
33500,"Minot, ND Micro Area",1763,44476,41804,1501,77956,482,3.9639356057199393,33500,0.019254451228898354,0.3211192538307795,NA,NA,NA
33540,"Missoula, MT Metro Area",2399,68243,66491,3864,117441,1453,3.5153788666969508,33540,0.03290162720004087,0.3760351966873706,-0.09205020920502092,0.9291428571428572,99.4
33660,"Mobile, AL Metro Area",8898,183193,54879,5844,413955,1874,4.857172490215238,33660,0.014117476537304779,0.3206707734428474,-0.1702127659574468,-0.3265479219677693,97.9
33700,"Modesto, CA Metro Area",20382,257560,62537,6183,547899,2300,7.913495884454108,33700,0.011284926601435666,0.3719877082322497,-0.09164969450101833,-0.21094946401225115,95.4
33740,"Monroe, LA Metro Area",3329,79802,142169,1403,178445,305,4.171574647251949,33740,0.007862366555521309,0.21739130434782608,-0.23943661971830985,-0.4403726708074534,97.4
33780,"Monroe, MI Metro Area",3568,76061,51213,2160,149649,604,4.690971720066788,33780,0.014433775033578573,0.2796296296296296,-0.2972972972972973,-0.34984984984984985,98.2
33860,"Montgomery, AL Metro Area",9481,171999,61118,4079,373889,1220,5.512241350240409,33860,0.010909655004560178,0.29909291493012996,-0.052478134110787174,0.1312984496124031,97.8
33980,"Morehead City, NC Micro Area",1329,33487,24145,1572,68881,746,3.968704273300087,33980,0.02282196832217883,0.47455470737913485,NA,NA,NA
34060,"Morgantown, WV Metro Area",5280,70410,52039,1902,138709,398,7.49893481039625,34060,0.013712159989618554,0.2092534174553102,-0.029850746268656716,0.5368289637952559,91.3
34100,"Morristown, TN Metro Area",2821,54347,85718,921,118081,530,5.190718898927264,34100,0.007799730693337624,0.5754614549402823,-0.1792452830188679,-0.32698961937716264,91.3
34180,"Moses Lake, WA Micro Area",1566,43520,77725,2142,95158,706,3.598345588235294,34180,0.022509930851846403,0.3295985060690943,NA,NA,NA
34340,"Mount Airy, NC Micro Area",1321,33720,26799,1166,72224,166,3.9175563463819696,34340,0.016144217988480283,0.1423670668953688,NA,NA,NA
34380,"Mount Pleasant, MI Micro Area",2771,35324,51068,892,71063,391,7.844524968859699,34380,0.01255224237648284,0.4383408071748879,NA,NA,NA
34580,"Mount Vernon-Anacortes, WA Metro Area",2895,61107,61176,2190,125619,962,4.7375914379694635,34580,0.017433668473718147,0.4392694063926941,-0.0847457627118644,0.11276948590381426,99.4
34620,"Muncie, IN Metro Area",3308,57805,42152,1920,115184,470,5.722688348758758,34620,0.0166689818030282,0.24479166666666666,0.07792207792207792,-0.17408906882591094,97.2
34740,"Muskegon, MI Metro Area",5647,82386,55903,1806,173693,380,6.854319908722356,34740,0.010397655633790654,0.21040974529346623,-0.09917355371900827,-0.33985581874356335,97.2
34780,"Muskogee, OK Micro Area",1681,26831,35184,1151,69086,202,6.265141068167418,34780,0.01666039429117332,0.17549956559513466,NA,NA,NA
34820,"Myrtle Beach-Conway-North Myrtle Beach, SC-NC Metro Area",13571,210022,47422,8032,464165,2721,6.461704011960652,34820,0.017304191397455645,0.3387699203187251,-0.04149377593360996,0.0773462783171521,96.3
34860,"Nacogdoches, TX Micro Area",2841,30219,46883,664,65580,123,9.401369999007247,34860,0.01012503812137847,0.1852409638554217,NA,NA,NA
34900,"Napa, CA Metro Area",3313,75786,60591,3524,140973,1508,4.371519805768875,34900,0.02499769459400027,0.4279228149829739,0.03153153153153153,0.26375404530744334,110.7
34940,"Naples-Immokalee-Marco Island, FL Metro Area",6138,165059,62099,12691,372880,4344,3.718670293652573,34940,0.03403507830937567,0.3422898116775668,0.2560240963855422,0.06433273488928785,97.9
34980,"Nashville-Davidson--Murfreesboro--Franklin, TN Metro Area",36290,1042451,61858,29633,1904226,9716,3.4812187815062767,34980,0.015561703285219296,0.3278777039111801,0.07831900668576887,0.22829818538499264,97.5
35100,"New Bern, NC Metro Area",3587,59546,80318,1822,125786,759,6.023914284754643,35100,0.01448491883039448,0.41657519209659716,NA,NA,91.3
35260,"New Castle, PA Micro Area",3148,43694,78029,1342,87069,129,7.204650524099419,35260,0.015413063202747247,0.09612518628912071,NA,NA,NA
35300,"New Haven-Milford, CT Metro Area",31793,459625,75688,13070,860435,3463,6.917160728855045,35300,0.015189991109148279,0.2649579188982402,0.04689331770222743,0.0025834658187599362,107.6
35380,"New Orleans-Metairie, LA Metro Area",35524,625484,62385,24607,1275762,7690,5.679441840238919,35380,0.019288080378628617,0.3125126996383143,0.012987012987012988,0.1775530839231547,97.6
35420,"New Philadelphia-Dover, OH Micro Area",2060,46049,60809,1067,92297,313,4.473495624226367,35420,0.011560505758583703,0.2933458294283037,NA,NA,NA
35620,"New York-Newark-Jersey City, NY-NJ-PA Metro Area",572055,10626130,70252,425836,20320876,126039,5.383474510475591,35620,0.020955592662442308,0.29598014259010513,0.03814868350196979,0.08631762091836452,109.9
35660,"Niles-Benton Harbor, MI Metro Area",4542,77813,51283,2610,154259,614,5.8370709264518785,35660,0.016919596263427095,0.23524904214559386,-0.08633093525179857,-0.25606796116504854,97.2
35840,"North Port-Sarasota-Bradenton, FL Metro Area",16648,347979,60884,22386,804690,7872,4.784196747504878,35840,0.027819408716400103,0.3516483516483517,0.08985282726568551,-0.10906574394463668,97.9
35900,"North Wilkesboro, NC Micro Area",998,28605,36175,484,68576,106,3.4889005418633108,35900,0.007057862809146057,0.2190082644628099,NA,NA,NA
35980,"Norwich-New London, CT Metro Area",6467,144361,105841,4273,269033,956,4.479741758508184,35980,0.015882809915512223,0.2237304001872221,-0.06884057971014493,-0.2190721649484536,98
36020,"Oak Harbor, WA Micro Area",1468,39095,69733,1181,83159,504,3.7549558767105764,36020,0.014201709977272454,0.42675698560541914,NA,NA,NA
36100,"Ocala, FL Metro Area",11172,134436,35244,9007,354353,2512,8.310274033740962,36100,0.025418156471089564,0.27889419340512933,-0.013303769401330377,-0.05664794007490637,97.9
36140,"Ocean City, NJ Metro Area",3122,45049,92309,2246,93553,877,6.9302315256720455,36140,0.024007781685247934,0.3904719501335708,0.027972027972027972,-0.18931297709923664,101.2
36220,"Odessa, TX Metro Area",5728,80365,61119,1050,157087,337,7.127480868537299,36220,0.006684194108996925,0.32095238095238093,0.39751552795031053,0.91894852135816,97.9
36260,"Ogden-Clearfield, UT Metro Area",9879,329019,62253,13409,666547,4958,3.002562162063589,36260,0.020117111021428345,0.36975165933328363,-0.01593625498007968,-0.22549869904596703,95.7
36300,"Ogdensburg-Massena, NY Micro Area",3165,48272,31810,849,109623,251,6.556595956247928,36300,0.007744725103308613,0.2956419316843345,NA,NA,NA
36420,"Oklahoma City, OK Metro Area",30024,702128,54442,27777,1383737,8752,4.276143381263815,36420,0.02007390132662493,0.31508082226302336,0.053673788431474724,0.08309169989126496,97.6
36460,"Olean, NY Micro Area",1920,35037,55294,709,77348,183,5.479921226132374,36460,0.009166364999741428,0.25811001410437234,NA,NA,NA
36500,"Olympia-Tumwater, WA Metro Area",10879,144504,42196,3807,280588,1225,7.528511321485911,36500,0.013567935906025917,0.32177567638560545,0.07467532467532467,0.046564885496183206,106.3
36540,"Omaha-Council Bluffs, NE-IA Metro Area",18298,513830,67269,15512,934184,4113,3.5610999746998035,36540,0.016604865850838806,0.26514956162970604,0.03363636363636364,0.004349782510874456,97.1
36660,"Opelousas, LA Micro Area",1898,32296,100607,735,83497,146,5.876888778796135,36660,0.008802711474663761,0.19863945578231293,NA,NA,NA
36700,"Orangeburg, SC Micro Area",3762,40681,42364,1036,87476,485,9.24756028612866,36700,0.011843248433856143,0.46814671814671815,NA,NA,NA
36740,"Orlando-Kissimmee-Sanford, FL Metro Area",64513,1292827,51830,60546,2509831,17968,4.990072144223473,36740,0.02412353660465585,0.2967660952003435,0.12868979803210773,0.3746671356076973,97.9
36780,"Oshkosh-Neenah, WI Metro Area",2381,91070,39632,2119,170414,763,2.6144723838805315,36780,0.01243442440175103,0.3600755073147711,0.14285714285714285,0.9925864909390445,97.2
36860,"Ottawa-Peru, IL Micro Area",4785,75694,51553,1649,147827,467,6.321505007001877,36860,0.011154931101896136,0.28320194057004244,NA,NA,NA
36980,"Owensboro, KY Metro Area",2511,57180,70308,1952,118831,796,4.3913955928646375,36980,0.01642669000513334,0.4077868852459016,-0.2641509433962264,0.3542074363992172,97.2
37020,"Owosso, MI Micro Area",1225,34186,76788,2018,68446,668,3.5833382086234127,37020,0.029483096163398885,0.33102081268582756,NA,NA,NA
37100,"Oxnard-Thousand Oaks-Ventura, CA Metro Area",22997,445581,90045,15413,854223,4911,5.161126708724115,37100,0.018043297827382312,0.3186271329397262,-0.05227077977720651,0.01742225552641439,101.6
37140,"Paducah, KY-IL Micro Area",2004,43964,75942,1236,96937,417,4.558274952233646,37140,0.01275054932585081,0.33737864077669905,NA,NA,NA
37260,"Palatka, FL Micro Area",2573,28822,31908,1381,73464,554,8.927208382485603,37260,0.01879832298813024,0.4011585807385952,NA,NA,NA
37340,"Palm Bay-Melbourne-Titusville, FL Metro Area",11022,265663,51174,12840,589162,4090,4.148865291741793,37340,0.02179366625817687,0.31853582554517135,0.009501187648456057,-0.2872541603630862,97.9
37460,"Panama City, FL Metro Area",5001,94730,32280,3542,202236,1230,5.279214609944051,37460,0.017514191340809747,0.34726143421795597,0.08366533864541832,0.7268993839835729,96.9
37620,"Parkersburg-Vienna, WV Metro Area",1915,39679,102167,440,90424,116,4.8262304997605785,37620,0.004865964788109352,0.2636363636363636,-0.0625,0.14486638537271448,97.6
37860,"Pensacola-Ferry Pass-Brent, FL Metro Area",12393,238405,50376,8333,487784,2653,5.198297015582727,37860,0.01708338116871402,0.3183727349093964,0.03563941299790356,0.12434094903339192,97.9
37900,"Peoria, IL Metro Area",12722,180601,66551,4363,373637,1282,7.044257783733202,37900,0.011677109065750983,0.293834517533807,-0.05202312138728324,0.08460471567267684,97.1
37980,"Philadelphia-Camden-Wilmington, PA-NJ-DE-MD Metro Area",186257,3164928,70971,106318,6096120,28146,5.885031191862816,37980,0.017440273485430077,0.26473409958802835,0.0062266500622665,0.0510513991607354,101.2
38060,"Phoenix-Mesa-Scottsdale, AZ Metro Area",120069,2340065,61216,87696,4737270,29716,5.131011318061677,38060,0.018511927755859386,0.33885239919722676,-0.03196506550218341,0.007839058298239382,97.2
38220,"Pine Bluff, AR Metro Area",3924,35266,51861,1213,89998,494,11.126864401973572,38220,0.013478077290606457,0.40725474031327286,0.13559322033898305,0.4585635359116022,96.9
38240,"Pinehurst-Southern Pines, NC Micro Area",2049,45702,160635,2456,97264,1202,4.483392411710647,38240,0.02525086362888633,0.48941368078175895,NA,NA,NA
38300,"Pittsburgh, PA Metro Area",58463,1220517,60034,32953,2333367,9774,4.790019311488492,38300,0.014122510518062525,0.296604254544351,0.059602649006622516,0.14220218537479942,98.1
38340,"Pittsfield, MA Metro Area",2713,66030,68623,2197,126313,869,4.108738452218688,38340,0.01739330076872531,0.3955393718707328,-0.013422818791946308,-0.23604240282685512,98
38460,"Plattsburgh, NY Micro Area",1486,39062,61458,541,80980,48,3.804208693871282,38460,0.006680661891825142,0.08872458410351201,NA,NA,NA
38540,"Pocatello, ID Metro Area",1746,39914,64651,1275,85269,573,4.374404970686977,38540,0.01495267916827921,0.44941176470588234,-0.24242424242424243,-0.6630958757364757,99.4
38660,"Ponce, PR Metro Area",20974,96472,18282,1798,300059,666,21.741023302098018,38660,0.005992154876207679,0.3704115684093437,NA,NA,NA
38820,"Port Angeles, WA Micro Area",2680,29577,49023,1750,75474,488,9.061094769584473,38820,0.023186792802819513,0.27885714285714286,NA,NA,NA
38860,"Portland-South Portland, ME Metro Area",11752,304776,62296,11907,532083,4184,3.855946662466861,38860,0.022378087629185674,0.351389938691526,0.03851261620185923,0.2067132867132867,98.3
38900,"Portland-Vancouver-Hillsboro, OR-WA Metro Area",60760,1332355,61652,55875,2451560,19591,4.560346153990491,38900,0.022791610240010442,0.3506219239373602,0.11182916549592582,0.21785126061066767,99
38940,"Port St. Lucie, FL Metro Area",11216,210094,55778,12717,473429,4736,5.338562738583682,38940,0.026861472364388326,0.37241487772273335,-0.03765690376569038,-0.11332007952286283,97.9
39020,"Portsmouth, OH Micro Area",1533,30379,42372,838,75929,78,5.046249053622568,39020,0.011036626321958672,0.09307875894988067,NA,NA,NA
39060,"Pottsville, PA Micro Area",4358,67032,52359,1346,142569,299,6.501372478816088,39060,0.009441042582889688,0.22213967310549776,NA,NA,NA
39140,"Prescott, AZ Metro Area",5567,92965,50529,5236,228168,1970,5.98827515731727,39140,0.022948003225693347,0.3762414056531704,-0.1509433962264151,-0.04078857919782461,99.4
39300,"Providence-Warwick, RI-MA Metro Area",46839,874135,72695,21250,1621122,5317,5.358325659080119,39300,0.013108205304721052,0.25021176470588236,0.05991855730075625,0.3157716606498195,98.7
39340,"Provo-Orem, UT Metro Area",10788,295005,60390,14009,617678,3626,3.656887171403875,39340,0.022680101930131882,0.2588336069669498,0.026511134676564158,0.7098116513359615,95.4
39380,"Pueblo, CO Metro Area",6002,74920,59095,2005,166475,558,8.011211959423385,39380,0.01204385042799219,0.27830423940149623,-0.06666666666666667,0.3630252100840336,95.4
39460,"Punta Gorda, FL Metro Area",3145,65993,45800,3969,182033,1419,4.765656963617353,39460,0.021803738882510314,0.35752078609221466,-0.21132075471698114,NA,97.9
39500,"Quincy, IL-MO Micro Area",1645,37550,50658,1831,75241,579,4.380825565912117,39500,0.024335136428277136,0.3162206444565811,NA,NA,NA
39540,"Racine, WI Metro Area",3934,100155,75560,2794,196071,766,3.927911736807948,39540,0.014249940072728756,0.27415891195418757,0.17105263157894737,0.9363166953528399,95.6
39580,"Raleigh, NC Metro Area",26900,721105,65185,24534,1335079,7370,3.7303860048120594,39580,0.018376440645085423,0.3003994456672373,0.11995318899941486,-0.037533023594789106,97.9
39660,"Rapid City, SD Metro Area",3444,77246,50439,2443,147087,859,4.4584832871605,39660,0.016609217673893683,0.35161686451084734,-0.08130081300813008,1.0311158798283262,96.2
39740,"Reading, PA Metro Area",13439,217043,41324,5130,417854,1546,6.191860599051801,39740,0.012277015416868093,0.301364522417154,-0.07103825136612021,0.03979328165374677,98
39820,"Redding, CA Metro Area",3386,79589,64382,3805,179921,858,4.2543567578434205,39820,0.0211481705859794,0.2254927726675427,0.1388888888888889,-0.024229074889867842,95.4
39900,"Reno, NV Metro Area",12167,249593,62028,7607,465208,2518,4.874736070322485,39900,0.01635182542002717,0.33101091100302354,-0.06747638326585695,0.2828009828009828,95.4
39980,"Richmond, IN Micro Area",1e3,31868,89150,831,66185,213,3.1379440190787,39980,0.012555715041172472,0.2563176895306859,NA,NA,NA
40060,"Richmond, VA Metro Area",35293,692991,65552,21855,1301540,7021,5.092851133708807,40060,0.016791646818384375,0.3212537176847403,-0.026658400495970243,-0.26045340050377835,97.7
40080,"Richmond-Berea, KY Micro Area",3233,55290,60182,1504,108625,357,5.847350334599385,40080,0.013845799769850403,0.23736702127659576,NA,NA,NA
40140,"Riverside-San Bernardino-Ontario, CA Metro Area",168005,2125986,62291,57326,4580670,20047,7.90245090983666,40140,0.01251476312417179,0.3497017060321669,0.007666290868094701,0.06611444638650353,101.6
40220,"Roanoke, VA Metro Area",6618,156168,51085,4924,312688,1831,4.237743968034424,40220,0.015747326408432686,0.37185215272136474,-0.12912087912087913,0.27956457199406237,97
40260,"Roanoke Rapids, NC Micro Area",1770,26606,40575,422,71172,194,6.652634744042698,40260,0.005929298038554488,0.4597156398104265,NA,NA,NA
40340,"Rochester, MN Metro Area",3617,118816,51838,3810,218280,925,3.0442028009695665,40340,0.017454645409565695,0.24278215223097113,-0.13537117903930132,-0.02465331278890601,96.1
40380,"Rochester, NY Metro Area",28356,559378,52438,14591,1077948,5047,5.069201863498385,40380,0.013535903401648317,0.34589815639777943,0.015342960288808664,0.3892761394101877,98
40420,"Rockford, IL Metro Area",16179,174947,60565,3561,338291,1128,9.247943662937919,40420,0.01052644025410076,0.3167649536647009,-0.17052023121387283,0.17124735729386892,97.2
40580,"Rocky Mount, NC Metro Area",4525,68769,31768,2090,146738,777,6.579999709171283,40580,0.014243072687374778,0.37177033492822964,-0.010309278350515464,-0.11969111969111969,97.9
40660,"Rome, GA Metro Area",2575,44885,65757,1156,97613,391,5.736883145817088,40660,0.011842684888283323,0.3382352941176471,-0.3392857142857143,-0.5587808417997098,91.3
40700,"Roseburg, OR Micro Area",2182,46223,50962,1814,109405,496,4.7205936438569545,40700,0.016580595036789908,0.27342888643880925,NA,NA,NA
40740,"Roswell, NM Micro Area",1573,28084,80061,850,64866,289,5.6010539809144,40740,0.01310393734776308,0.34,NA,NA,NA
40780,"Russellville, AR Micro Area",2632,38602,36005,1419,85358,360,6.818299569970468,40780,0.016624100845849248,0.2536997885835095,NA,NA,NA
40900,"Sacramento--Roseville--Arden-Arcade, CA Metro Area",67890,1139017,80561,31040,2324884,9396,5.960402698116007,40900,0.013351203758983243,0.3027061855670103,-0.10684474123539232,-0.2317185697808535,95.4
40980,"Saginaw, MI Metro Area",6427,88456,67371,2466,191934,671,7.265759247535499,40980,0.012848166557254057,0.27210056772100566,0.1506849315068493,-0.296218487394958,97.2
41060,"St. Cloud, MN Metro Area",4661,113454,70948,4489,197759,1162,4.108272956440496,41060,0.022699346173878306,0.2588549788371575,-0.045454545454545456,-0.7361027493477824,97.2
41100,"St. George, UT Metro Area",2692,72640,62105,4325,165662,1719,3.7059471365638768,41100,0.026107375258055558,0.39745664739884395,0.17687074829931973,-0.12403528114663727,99.4
41140,"St. Joseph, MO-KS Metro Area",2781,59616,80366,1382,127092,413,4.664855072463768,41140,0.010874012526358858,0.2988422575976845,0.27205882352941174,0.19057377049180327,96.8
41180,"St. Louis, MO-IL Metro Area",73232,1477767,56905,42873,2807216,13914,4.955585014417022,41180,0.015272426489447197,0.32453992022951506,0.5075454265475824,-0.014034738466132485,94.3
41400,"Salem, OH Micro Area",2572,44749,77866,1318,103077,253,5.747614471831772,41400,0.012786557621971924,0.19195751138088013,NA,NA,NA
41420,"Salem, OR Metro Area",9615,198299,49249,6282,424982,1862,4.848738521122144,41420,0.014781802523400991,0.29640241961158864,0.04112554112554113,-0.017035775127768313,99
41500,"Salinas, CA Metro Area",10230,207323,85267,5003,437907,1311,4.93432952446183,41500,0.011424800242973964,0.26204277433539874,0.11330049261083744,0.25279642058165547,95.4
41540,"Salisbury, MD-DE Metro Area",12340,195664,50766,11072,405853,3195,6.306729904325784,41540,0.027280813496512284,0.2885657514450867,0.05405405405405406,0.5009708737864078,91.3
41620,"Salt Lake City, UT Metro Area",24218,652001,78169,26541,1203105,7825,3.714411480963986,41620,0.022060418666699912,0.2948268716325685,0.019417475728155338,0.22380486067835842,95.6
41660,"San Angelo, TX Metro Area",3301,61692,55603,2090,119317,881,5.350774816832004,41660,0.017516363971605053,0.4215311004784689,0.2765957446808511,0.44114285714285717,97.8
41700,"San Antonio-New Braunfels, TX Metro Area",62636,1214856,52232,31576,2473974,10383,5.15583739965889,41700,0.012763270753855941,0.32882569039777043,0.15558510638297873,-4.130037170334533e-4,97.5
41740,"San Diego-Carlsbad, CA Metro Area",100116,1785209,69976,66531,3337685,22023,5.60808286312695,41740,0.019933277106737153,0.3310186228975966,0.08185192420394609,0.1930977130977131,100.1
41780,"Sandusky, OH Micro Area",1206,38754,65851,1156,74817,316,3.1119368323269856,41780,0.01545103385594183,0.27335640138408307,-0.12727272727272726,-0.264,NA
41860,"San Francisco-Oakland-Hayward, CA Metro Area",115764,2629341,86022,85089,4727357,27451,4.402776208943609,41860,0.01799927528215026,0.32261514414319126,0.1741249446167479,0.16366661212022038,110.7
41900,"San Germ?n, PR Metro Area",5634,33442,20572,NA,123820,83,16.84707852401172,41900,NA,NA,NA,NA,NA
41940,"San Jose-Sunnyvale-Santa Clara, CA Metro Area",44477,1087527,91453,29350,1998463,9796,4.089737542148378,41940,0.014686286411106936,0.3337649063032368,0.13580691642651296,0.3820130279470477,110.4
41980,"San Juan-Carolina-Caguas, PR Metro Area",133693,820266,30344,21022,2116599,4877,16.298737238895676,41980,0.009931971053562815,0.23199505280182667,NA,NA,NA
42020,"San Luis Obispo-Paso Robles-Arroyo Grande, CA Metro Area",5154,138856,70650,6520,283405,2295,3.711758944518062,42020,0.023005945554947865,0.35199386503067487,-0.12348178137651822,0.006280843427545985,95.4
42100,"Santa Cruz-Watsonville, CA Metro Area",10918,148582,100715,4796,275897,2567,7.34813099837127,42100,0.01738329883978441,0.5352376980817348,-0.02313624678663239,-0.07975797579757976,110.7
42140,"Santa Fe, NM Metro Area",3087,72227,53861,4604,148750,1735,4.2740249491187505,42140,0.03095126050420168,0.3768462206776716,-0.07692307692307693,0.019765287214329835,95.4
42200,"Santa Maria-Santa Barbara, CA Metro Area",13147,233916,75575,7800,448150,2258,5.620393645582175,42200,0.017404886756666293,0.2894871794871795,NA,NA,95.4
42220,"Santa Rosa, CA Metro Area",10326,270021,77161,11027,504217,4295,3.8241470107880495,42220,0.02186955219677242,0.38949850367280314,0.13900709219858157,0.9834736513875897,110.7
42340,"Savannah, GA Metro Area",11722,199208,67762,8652,387543,3359,5.88430183526766,42340,0.022325264551288502,0.3882339343504392,0.10869565217391304,0.6834170854271356,97.9
42540,"Scranton--Wilkes-Barre--Hazleton, PA Metro Area",14339,279081,56335,8167,555426,2160,5.13793486478836,42540,0.014704028979558033,0.26447900085710785,0.04397705544933078,-0.17892325315005728,98
42620,"Searcy, AR Micro Area",2419,35041,46659,434,79016,153,6.903341799606176,42620,0.005492558469170801,0.35253456221198154,NA,NA,NA
42660,"Seattle-Tacoma-Bellevue, WA Metro Area",93198,2133932,75571,79547,3867046,26896,4.367430639776713,42660,0.020570481964786558,0.33811457377399523,0.05762888387432737,0.04037532961199959,106.3
42680,"Sebastian-Vero Beach, FL Metro Area",4001,64001,41786,4802,154383,1497,6.251464820862173,42680,0.031104460983398433,0.3117451062057476,0.04405286343612335,-0.2996197718631179,91.3
42700,"Sebring, FL Metro Area",3143,34175,60057,2248,102883,832,9.196781272860278,42700,0.021850062692573117,0.3701067615658363,NA,NA,91.3
42860,"Seneca, SC Micro Area",2080,34874,100857,790,77270,225,5.964328726271721,42860,0.010223890254950175,0.2848101265822785,NA,NA,NA
42940,"Sevierville, TN Micro Area",2830,51202,30314,1656,97638,584,5.527127846568494,42940,0.01696060959872181,0.3526570048309179,NA,NA,NA
43060,"Shawnee, OK Micro Area",1569,32859,117670,1195,72226,429,4.7749475029672235,43060,0.016545288400299063,0.35899581589958157,NA,NA,NA
43100,"Sheboygan, WI Metro Area",1448,61962,41205,2347,115344,1064,2.336916174429489,43100,0.02034782910251075,0.4533446953557733,-0.20175438596491227,-0.306941431670282,97.2
43140,"Shelby, NC Micro Area",2361,42593,50362,519,97334,106,5.543164369732115,43140,0.005332155259210553,0.20423892100192678,NA,NA,NA
43300,"Sherman-Denison, TX Metro Area",2631,63184,65552,2374,131140,800,4.164028868067865,43300,0.018102790910477354,0.33698399326032014,-0.046153846153846156,-0.05935483870967742,97.9
43320,"Show Low, AZ Micro Area",3819,41934,53209,1836,108956,710,9.107168407497495,43320,0.016850838870736812,0.3867102396514161,NA,NA,NA
43340,"Shreveport-Bossier City, LA Metro Area",14436,198595,50325,6700,440933,1844,7.269065182909943,43340,0.015195052309534555,0.2752238805970149,-0.10250569476082004,-0.285069008782936,97.6
43420,"Sierra Vista-Douglas, AZ Metro Area",3463,52966,21484,1662,124756,772,6.538156553260582,43420,0.013322004552887236,0.4645006016847172,NA,NA,99.4
43580,"Sioux City, IA-NE-SD Metro Area",3373,87990,51147,2873,169131,525,3.8333901579724965,43580,0.01698683269181877,0.1827358162199791,-0.3090909090909091,0.5974683544303797,95.7
43620,"Sioux Falls, SD Metro Area",4120,148164,72086,4475,259650,1276,2.780702464836262,43620,0.01723473907182746,0.2851396648044693,0.14367816091954022,0.2981870229007634,97.1
43740,"Somerset, PA Micro Area",1818,34457,50920,829,74501,347,5.276141277534318,43740,0.011127367417887009,0.41857659831121835,NA,NA,NA
43780,"South Bend-Mishawaka, IN-MI Metro Area",7169,163522,70329,4685,321815,1122,4.384119568009197,43780,0.014558053540077373,0.23948772678762006,-0.17692307692307693,-0.4823209428830462,96.7
43900,"Spartanburg, SC Metro Area",8805,162519,60338,3695,334391,1441,5.4178280693334315,43900,0.011049938544996725,0.3899864682002706,-0.2276923076923077,-0.4470796460176991,97.5
44060,"Spokane-Spokane Valley, WA Metro Area",14130,276455,60161,9745,564291,3164,5.111139245085095,44060,0.01726945848861669,0.3246793227296049,0.03803486529318542,0.6981258366800536,96
44100,"Springfield, IL Metro Area",5904,106274,55468,3383,207596,1235,5.555451004008506,44100,0.016296075068883795,0.36506059710316285,0.03864734299516908,0.25970149253731345,97.2
44140,"Springfield, MA Metro Area",18762,316755,77094,6666,631652,2492,5.923189847042667,44140,0.010553279337356647,0.37383738373837383,-0.031201248049921998,-0.010180995475113122,98
44180,"Springfield, MO Metro Area",7736,229637,52283,7408,461469,2417,3.3687950983508754,44180,0.016053082655606336,0.32626889848812096,0.33280757097791797,0.15901302261823166,97
44220,"Springfield, OH Metro Area",4441,64527,53176,1157,134557,198,6.882390317231546,44220,0.008598586472647279,0.17113223854796888,-0.027777777777777776,0.40822784810126583,97.2
44300,"State College, PA Metro Area",3269,79502,39697,1708,162660,315,4.111846242861815,44300,0.010500430345505964,0.18442622950819673,0.2125984251968504,1.019434628975265,98
44340,"Statesboro, GA Micro Area",3335,37497,56197,1142,76149,251,8.894044856921887,44340,0.014996913945028825,0.21978984238178634,NA,NA,NA
44420,"Staunton-Waynesboro, VA Metro Area",1772,59269,35491,2744,121999,616,2.9897585584369573,44420,0.022491987639242945,0.22448979591836735,NA,NA,91.3
44620,"Stevens Point, WI Micro Area",1142,38900,45981,876,70474,204,2.93573264781491,44620,0.012430116071175185,0.2328767123287671,NA,NA,NA
44660,"Stillwater, OK Micro Area",889,37351,91500,578,81575,270,2.3801236914674306,44660,0.007085504137296966,0.4671280276816609,NA,NA,NA
44700,"Stockton-Lodi, CA Metro Area",21412,335778,84809,9501,745424,2815,6.3768323118250745,44700,0.012745766167979566,0.296284601620882,-0.06879194630872483,-0.21454451345755693,95.4
44940,"Sumter, SC Metro Area",5153,52933,85335,915,106847,254,9.734947953072751,44940,0.008563647084148363,0.27759562841530055,-0.036585365853658534,0.2980132450331126,97.9
44980,"Sunbury, PA Micro Area",1552,42418,51875,513,92029,73,3.6588240841152344,44980,0.0055743298308142,0.14230019493177387,NA,NA,NA
45060,"Syracuse, NY Metro Area",19407,328859,61066,7765,654841,2374,5.901313328812653,45060,0.011857840300164468,0.3057308435286542,-0.07702888583218707,0.28352707683583783,98
45180,"Talladega-Sylacauga, AL Micro Area",1250,37226,70955,1505,89513,441,3.3578681566646966,45180,0.01681320031727235,0.2930232558139535,NA,NA,NA
45220,"Tallahassee, FL Metro Area",13974,196925,70482,5957,385473,1727,7.09610257712327,45220,0.015453741247765732,0.2899110290414638,0.2304147465437788,0.34310850439882695,97.4
45300,"Tampa-St. Petersburg-Clearwater, FL Metro Area",80735,1510326,51119,76198,3091399,22994,5.345534672646832,45300,0.024648387348252362,0.3017664505630069,0.01312910284463895,0.00564720530036907,96.5
45460,"Terre Haute, IN Metro Area",4771,80361,77169,2399,165798,890,5.936959470389866,45460,0.014469414588837019,0.3709879116298458,-0.26573426573426573,-0.348762109795479,96.9
45500,"Texarkana, TX-AR Metro Area",4799,66530,51695,912,152188,164,7.213287238839622,45500,0.005992588114700239,0.17982456140350878,-0.0364963503649635,0.011834319526627219,96.7
45540,"The Villages, FL Metro Area",1104,26444,37176,NA,125165,914,4.174860081682045,45540,NA,NA,NA,NA,91.3
45780,"Toledo, OH Metro Area",21027,311380,70648,6479,603668,1525,6.752842186396044,45780,0.010732720634520961,0.23537582960333384,-0.0812274368231047,-0.1563955080799781,97.2
45820,"Topeka, KS Metro Area",5069,117518,52325,4553,233149,1422,4.313381779812454,45820,0.019528284487602347,0.3123215462332528,-0.19213973799126638,0.051840721262208865,96.5
45860,"Torrington, CT Micro Area",5911,103132,61914,3730,182177,968,5.731489741302409,45860,0.020474593389944944,0.2595174262734584,NA,NA,NA
45900,"Traverse City, MI Micro Area",4634,75250,66370,3345,148671,1206,6.158139534883721,45900,0.02249934418951914,0.36053811659192825,NA,NA,NA
45940,"Trenton, NJ Metro Area",10912,194942,76822,5675,374733,1344,5.597562351879021,45940,0.01514411594388538,0.23682819383259912,0.051440329218107,0.6410361842105263,102.6
46020,"Truckee-Grass Valley, CA Micro Area",1717,49341,68154,3465,99814,1374,3.4798646156340567,46020,0.03471456909852325,0.3965367965367965,NA,NA,NA
46060,"Tucson, AZ Metro Area",34405,481149,62246,12948,1022769,4945,7.150591604679632,46060,0.012659750148860593,0.3819122644423849,-0.0845341018251681,-0.0733885371001786,95.4
46100,"Tullahoma-Manchester, TN Micro Area",1889,48685,46729,697,103235,72,3.8800451884564033,46100,0.006751586186855233,0.10329985652797705,NA,NA,NA
46140,"Tulsa, OK Metro Area",28219,490574,50382,16793,990773,5019,5.752241252084294,46140,0.016949392040356368,0.2988745310546061,-0.08571428571428572,0.4069952305246423,97.7
46180,"Tupelo, MS Micro Area",2739,65563,32119,2631,140081,673,4.177661180848954,46180,0.018781990419828528,0.2557962751805397,NA,NA,NA
46220,"Tuscaloosa, AL Metro Area",7287,111462,64639,2367,242279,328,6.5376540883888685,46220,0.009769728288460825,0.13857203210815378,-0.0815450643776824,-0.25553838227717673,96.6
46300,"Twin Falls, ID Micro Area",1942,53626,62215,2553,110483,604,3.621377689926528,46300,0.02310762741779278,0.23658441049745396,NA,NA,NA
46340,"Tyler, TX Metro Area",5590,104884,101851,2766,227727,483,5.32969757064948,46340,0.012146122330685426,0.17462039045553146,-0.018018018018018018,-0.24801412180052956,97.9
46380,"Ukiah, CA Micro Area",2709,43159,40143,1379,88018,442,6.27679047243912,46380,0.01566724988070622,0.3205221174764322,NA,NA,NA
46520,"Urban Honolulu, HI Metro Area",19214,531007,72482,15421,988650,6110,3.6184080435851125,46520,0.015598037728215244,0.39621295635821285,NA,NA,114.1
46540,"Utica-Rome, NY Metro Area",6627,137183,76128,2984,293572,769,4.830773492342345,46540,0.010164457100813429,0.2577077747989276,-0.10144927536231885,0.4112478031634446,98
46660,"Valdosta, GA Metro Area",3141,65593,76688,2059,145871,637,4.788620736968884,46660,0.014115211385402171,0.30937348227294803,-0.2289156626506024,-0.394919168591224,91.3
46700,"Vallejo-Fairfield, CA Metro Area",14882,224824,81575,3641,445458,960,6.619400064050102,46700,0.008173610082207525,0.2636638286185114,0.011695906432748537,0.07082833133253301,110.7
47020,"Victoria, TX Metro Area",2199,49094,51141,1404,100228,286,4.479162423106693,47020,0.014008061619507522,0.2037037037037037,0.37962962962962965,2.4043392504930967,97.5
47220,"Vineland-Bridgeton, NJ Metro Area",7032,69467,74803,1617,152538,507,10.122792117120358,47220,0.010600637218266923,0.313543599257885,-0.05426356589147287,-0.19186046511627908,101.2
47260,"Virginia Beach-Norfolk-Newport News, VA-NC Metro Area",45564,920890,56059,24932,1724388,8671,4.947822215465473,47260,0.014458462944534525,0.3477859778597786,-0.07059447983014862,-0.0014652730292077757,97.8
47300,"Visalia-Porterville, CA Metro Area",21658,204436,36458,7826,464493,2419,10.594024535796045,47300,0.01684847780267948,0.30909787886532075,-0.17094017094017094,-0.1791713325867861,95.4
47380,"Waco, TX Metro Area",6505,128175,30917,1985,267554,666,5.075092646771991,47380,0.0074190630676424195,0.3355163727959698,-0.14937759336099585,-0.12622415669205658,97.1
47460,"Walla Walla, WA Metro Area",1913,30100,72015,1768,64831,743,6.355481727574751,47460,0.027270904351313414,0.42024886877828055,NA,NA,99.4
47580,"Warner Robins, GA Metro Area",7721,95234,36104,3206,192766,1762,8.107398618140579,47580,0.016631563657491466,0.5495945102932003,0.03816793893129771,0.14393939393939395,97.2
47700,"Warsaw, IN Micro Area",1763,41709,71360,1589,79206,282,4.226905464048527,47700,0.020061611494078733,0.17747010698552548,NA,NA,NA
47900,"Washington-Arlington-Alexandria, DC-VA-MD-WV Metro Area",164168,3548144,76739,112284,6216710,38801,4.6268697099103075,47900,0.018061643538141558,0.345561255388123,0.04485006518904824,0.014485864964577534,105.4
47940,"Waterloo-Cedar Falls, IA Metro Area",4492,93e3,61510,2038,169892,419,4.83010752688172,47940,0.011995856190991925,0.2055937193326791,0.006024096385542169,-0.634548944337812,96.4
48020,"Watertown-Fort Atkinson, WI Micro Area",1893,48314,72672,1449,84832,410,3.9181189717266216,48020,0.017080818559034327,0.2829537612146308,NA,NA,NA
48060,"Watertown-Fort Drum, NY Metro Area",2394,53914,35705,1101,114187,399,4.44040508958712,48060,0.00964207834517064,0.36239782016348776,NA,NA,98
48140,"Wausau, WI Metro Area",2841,74319,55903,2347,135732,680,3.82271020869495,48140,0.017291427224235996,0.2897315722198551,-0.152,1.3795275590551181,97.2
48260,"Weirton-Steubenville, WV-OH Metro Area",4528,56371,140031,807,119664,258,8.032498979971972,48260,0.006743882872041717,0.31970260223048325,NA,NA,97.2
48300,"Wenatchee, WA Metro Area",2752,56814,50870,2093,118478,682,4.843876509311086,48300,0.017665726970408007,0.3258480649784998,0.14193548387096774,0.2656514382402707,99.4
48540,"Wheeling, WV-OH Metro Area",2795,63675,65623,2036,141254,616,4.389477817039655,48540,0.014413751115012672,0.3025540275049116,-0.02,0.42586206896551726,97.9
48580,"Whitewater-Elkhorn, WI Micro Area",2731,57917,55664,2222,103082,872,4.7153685446414695,48580,0.021555654721483866,0.39243924392439244,NA,NA,NA
48620,"Wichita, KS Metro Area",18190,327174,51006,8845,646542,2314,5.559732741599271,48620,0.013680472420971878,0.2616167326172979,-0.10072992700729927,-0.24681170292573143,97
48660,"Wichita Falls, TX Metro Area",2488,73864,77583,1298,151230,75,3.36835264811004,48660,0.008582953117767638,0.05778120184899846,-0.058823529411764705,0.07158590308370044,97.5
48700,"Williamsport, PA Metro Area",2631,56280,40821,867,113841,365,4.674840085287847,48700,0.00761588531372704,0.4209919261822376,-0.10679611650485436,-0.21761658031088082,98
48900,"Wilmington, NC Metro Area",7908,149462,75989,9936,288156,3649,5.290976970735036,48900,0.03448132261691584,0.36725040257648955,-0.090311986863711,-0.1964607078584283,97.1
48980,"Wilson, NC Micro Area",3918,39242,32707,685,81671,183,9.984200601396463,48980,0.008387310061098798,0.2671532846715328,NA,NA,NA
49020,"Winchester, VA-WV Metro Area",1903,71472,50800,2227,139223,896,2.6625811506603982,49020,0.015995920214332403,0.40233497979344407,-0.11320754716981132,-0.2005044136191677,91.3
49180,"Winston-Salem, NC Metro Area",17457,324608,47921,12021,667733,4209,5.377871155362776,49180,0.01800270467387414,0.35013725979535815,0.11187214611872145,0.3800403225806452,97.9
49220,"Wisconsin Rapids-Marshfield, WI Micro Area",991,37320,73093,688,73126,61,2.655412647374062,49220,0.009408418346415776,0.08866279069767442,NA,NA,NA
49300,"Wooster, OH Micro Area",2958,57685,78530,1896,116038,374,5.12784952760683,49300,0.016339474999569108,0.19725738396624473,NA,NA,NA
49340,"Worcester, MA-CT Metro Area",22647,496922,75120,12986,942475,3939,4.557455697272409,49340,0.013778614817369162,0.3033266594794394,0.01256281407035176,0.03441029682164434,101
49420,"Yakima, WA Metro Area",8016,109756,47317,3517,250193,1370,7.303473158642808,49420,0.014057147881835224,0.3895365368211544,-0.12987012987012986,-0.25020850708924103,95.4
49620,"York-Hanover, PA Metro Area",11525,236634,65221,5294,446078,749,4.870390560950667,49620,0.011867879608498963,0.1414809217982622,-0.16452442159383032,-0.0819357930043124,98
49660,"Youngstown-Warren-Boardman, OH-PA Metro Area",15965,256662,51689,6012,541926,1969,6.220242965456515,49660,0.011093765569468894,0.32751164337990685,-0.1125,-0.22002635046113306,97.4
49700,"Yuba City, CA Metro Area",3979,76832,46968,2040,173679,225,5.178831736776343,49700,0.011745806919662136,0.11029411764705882,-0.13815789473684212,0.05847953216374269,95.4
49740,"Yuma, AZ Metro Area",5088,88276,60117,2213,207534,793,5.763740994154697,49740,0.010663312999315775,0.35833709896068683,-0.233502538071066,NA,95.4
49780,"Zanesville, OH Micro Area",1819,40212,52399,608,86149,10,4.523525315826121,49780,0.0070575398437590685,0.01644736842105263,NA,NA,NA
